{
	"credit": "Made with Blockbench",
	"texture_size": [32, 32],
	"textures": {
		"1": "block/custom/pricks",
		"particle": "block/spruce_planks"
	},
	"elements": [
		{
			"from": [0, 0, 0],
			"to": [1, 14, 16],
			"rotation": {"angle": 0, "axis": "y", "origin": [8, 8, 8]},
			"faces": {
				"east": {"uv": [0, 0, 8, 7], "texture": "#1"}
			}
		},
		{
			"from": [2, 14, 14],
			"to": [16, 16, 16],
			"rotation": {"angle": 0, "axis": "y", "origin": [8, 8, 8]},
			"faces": {
				"north": {"uv": [0, 7, 7, 8], "texture": "#1"},
				"up": {"uv": [7, 9, 0, 8], "texture": "#1"},
				"down": {"uv": [15, 0, 8, 1], "texture": "#1"}
			}
		},
		{
			"from": [1, 0, 15],
			"to": [16, 14, 16],
			"rotation": {"angle": 0, "axis": "y", "origin": [8, 8, 8]},
			"faces": {
				"north": {"uv": [0, 0, 7.5, 7], "texture": "#1"}
			}
		},
		{
			"from": [0, 14, 0],
			"to": [2, 16, 16],
			"rotation": {"angle": 0, "axis": "y", "origin": [8, 8, 8]},
			"faces": {
				"east": {"uv": [0, 7, 8, 8], "texture": "#1"},
				"up": {"uv": [8, 9, 0, 8], "rotation": 90, "texture": "#1"},
				"down": {"uv": [16, 0, 8, 1], "rotation": 270, "texture": "#1"}
			}
		}
	]
}