{
	"credit": "Made with Blockbench",
	"texture_size": [32, 32],
	"textures": {
		"1": "block/custom/pricks",
		"particle": "block/spruce_planks"
	},
	"elements": [
		{
			"from": [16, 14, 14],
			"to": [16, 16, 16],
			"rotation": {"angle": 0, "axis": "y", "origin": [8, 8, 9]},
			"faces": {
				"west": {"uv": [0, 7, 1, 8], "texture": "#1"}
			}
		},
		{
			"from": [0, 0, 15],
			"to": [0, 14, 16],
			"rotation": {"angle": 0, "axis": "y", "origin": [8, 8, 9]},
			"faces": {
				"east": {"uv": [0, 0, 0.5, 7], "texture": "#1"}
			}
		},
		{
			"from": [0, 14, 14],
			"to": [0, 16, 16],
			"rotation": {"angle": 0, "axis": "y", "origin": [8, 8, 9]},
			"faces": {
				"east": {"uv": [0, 7, 1, 8], "texture": "#1"}
			}
		},
		{
			"from": [16, 0, 15],
			"to": [16, 14, 16],
			"rotation": {"angle": 0, "axis": "y", "origin": [8, 8, 9]},
			"faces": {
				"west": {"uv": [0, 0, 0.5, 7], "texture": "#1"}
			}
		}
	],
	"display": {}
}