{
	"credit": "Made with Blockbench",
	"texture_size": [32, 32],
	"textures": {
		"1": "block/custom/pricks",
		"particle": "block/spruce_planks"
	},
	"elements": [
		{
			"from": [14, 14, 14],
			"to": [16, 16, 16],
			"rotation": {"angle": 0, "axis": "y", "origin": [8, 8, 9]},
			"faces": {
				"north": {"uv": [0, 7, 1, 8], "texture": "#1"},
				"west": {"uv": [0, 7, 1, 8], "texture": "#1"},
				"up": {"uv": [1, 9, 0, 8], "rotation": 270, "texture": "#1"},
				"down": {"uv": [15, 0, 8, 1], "rotation": 90, "texture": "#1"}
			}
		},
		{
			"from": [15, 0, 15],
			"to": [16, 14, 16],
			"rotation": {"angle": 0, "axis": "y", "origin": [8, 8, 9]},
			"faces": {
				"north": {"uv": [0, 0, 0.5, 7], "texture": "#1"},
				"west": {"uv": [0, 0, 0.5, 7], "texture": "#1"}
			}
		}
	]
}