{
	"credit": "Made with Blockbench",
	"texture_size": [32, 32],
	"textures": {
		"1": "block/custom/pricks",
		"particle": "block/spruce_planks"
	},
	"elements": [
		{
			"from": [0, 0, 15],
			"to": [16, 14, 16],
			"rotation": {"angle": 0, "axis": "y", "origin": [0, 0, 14]},
			"faces": {
				"north": {"uv": [0, 0, 8, 7], "texture": "#1"}
			}
		},
		{
			"from": [0, 14, 14],
			"to": [16, 16, 16],
			"rotation": {"angle": 0, "axis": "y", "origin": [0, 2, 14]},
			"faces": {
				"north": {"uv": [0, 7, 8, 8], "texture": "#1"},
				"up": {"uv": [8, 9, 0, 8], "texture": "#1"},
				"down": {"uv": [16, 0, 8, 1], "texture": "#1"}
			}
		}
	],
	"display": {}
}