{
	"credit": "Made with Blockbench",
	"texture_size": [64, 64],
	"textures": {
		"0": "block/custom/pasted",
		"particle": "block/custom/pasted"
	},
	"elements": [
		{
			"from": [1, 0, 2],
			"to": [15, 30, 5],
			"rotation": {"angle": 0, "axis": "y", "origin": [36, 15, 5]},
			"faces": {
				"north": {"uv": [0, 0, 3.5, 7.5], "texture": "#0"},
				"east": {"uv": [3.5, 0, 4.25, 7.5], "texture": "#0"},
				"west": {"uv": [4.25, 0, 3.5, 7.5], "texture": "#0"},
				"up": {"uv": [0, 7.5, 3.5, 8.25], "texture": "#0"},
				"down": {"uv": [0, 8.25, 3.5, 9], "texture": "#0"}
			}
		},
		{
			"from": [1, 0, 5],
			"to": [15, 30, 14],
			"rotation": {"angle": 0, "axis": "y", "origin": [21, 0, 0]},
			"faces": {
				"north": {"uv": [0, 0, 3.5, 7.5], "texture": "#0"},
				"east": {"uv": [4.25, 0, 6.5, 7.5], "texture": "#0"},
				"south": {"uv": [6.5, 0, 10, 7.5], "texture": "#0"},
				"west": {"uv": [6.5, 0, 4.25, 7.5], "texture": "#0"},
				"up": {"uv": [10, 0, 13.5, 2.25], "texture": "#0"},
				"down": {"uv": [10, 2.25, 13.5, 4.5], "texture": "#0"}
			}
		},
		{
			"from": [11, 15, 1.5],
			"to": [15, 17, 1.5],
			"rotation": {"angle": 0, "axis": "y", "origin": [21, 0, 0]},
			"faces": {
				"north": {"uv": [15, 0, 16, 0.5], "texture": "#0"},
				"south": {"uv": [16, 0, 15, 0.5], "texture": "#0"}
			}
		},
		{
			"from": [3, 1, 14.5],
			"to": [15, 23, 14.5],
			"rotation": {"angle": 0, "axis": "y", "origin": [21, 0, 0]},
			"faces": {
				"north": {"uv": [3, 10.5, 0, 16], "texture": "#0"},
				"south": {"uv": [0, 10.5, 3, 16], "texture": "#0"}
			}
		}
	]
}