{
	"credit": "Made with Blockbench",
	"textures": {
		"1": "block/custom/box",
		"particle": "block/custom/box"
	},
	"elements": [
		{
			"from": [2.60463, 0, 3.2518],
			"to": [12.60463, 8, 13.2518],
			"rotation": {"angle": 0, "axis": "y", "origin": [8.60463, 4, 5.2518]},
			"faces": {
				"north": {"uv": [0, 0, 2.5, 2], "texture": "#1"},
				"east": {"uv": [5, 0, 2.5, 2], "texture": "#1"},
				"south": {"uv": [5, 0, 7.5, 2], "texture": "#1"},
				"west": {"uv": [2.5, 0, 5, 2], "texture": "#1"},
				"up": {"uv": [0, 2, 2.5, 4.5], "texture": "#1"},
				"down": {"uv": [2.5, 2, 5, 4.5], "texture": "#1"}
			}
		}
	]
}