{
	"credit": "Made with Blockbench",
	"texture_size": [64, 64],
	"textures": {
		"1": "block/custom/stule",
		"particle": "block/custom/stule"
	},
	"elements": [
		{
			"from": [12.5, 0, 12],
			"to": [14.5, 8, 14],
			"rotation": {"angle": 0, "axis": "y", "origin": [9, 12.5, 8.5]},
			"faces": {
				"north": {"uv": [3, 0.5, 3.5, 2.5], "texture": "#1"},
				"east": {"uv": [3.25, 0.5, 3.75, 2.5], "texture": "#1"},
				"south": {"uv": [3, 0.5, 3.5, 2.5], "texture": "#1"},
				"west": {"uv": [3.25, 0.5, 3.75, 2.5], "texture": "#1"},
				"down": {"uv": [3.25, 0.5, 3.75, 1], "texture": "#1"}
			}
		},
		{
			"from": [12.5, 0, 3],
			"to": [14.5, 8, 5],
			"rotation": {"angle": 0, "axis": "y", "origin": [9, 12.5, 8.5]},
			"faces": {
				"north": {"uv": [3.25, 0.5, 3.75, 2.5], "texture": "#1"},
				"east": {"uv": [3, 0.5, 3.5, 2.5], "texture": "#1"},
				"south": {"uv": [3.25, 0.5, 3.75, 2.5], "texture": "#1"},
				"west": {"uv": [3, 0.5, 3.5, 2.5], "texture": "#1"},
				"down": {"uv": [3.25, 0.5, 3.75, 1], "texture": "#1"}
			}
		},
		{
			"from": [3.5, 0, 3],
			"to": [5.5, 8, 5],
			"rotation": {"angle": 0, "axis": "y", "origin": [9, 12.5, 8.5]},
			"faces": {
				"north": {"uv": [3, 0.5, 3.5, 2.5], "texture": "#1"},
				"east": {"uv": [3.25, 0.5, 3.75, 2.5], "texture": "#1"},
				"south": {"uv": [3, 0.5, 3.5, 2.5], "texture": "#1"},
				"west": {"uv": [3.25, 0.5, 3.75, 2.5], "texture": "#1"},
				"down": {"uv": [3.25, 0.5, 3.75, 1], "texture": "#1"}
			}
		},
		{
			"from": [3.5, 0, 12],
			"to": [5.5, 8, 14],
			"rotation": {"angle": 0, "axis": "y", "origin": [9, 12.5, 8.5]},
			"faces": {
				"north": {"uv": [3.25, 0.5, 3.75, 2.5], "texture": "#1"},
				"east": {"uv": [3, 0.5, 3.5, 2.5], "texture": "#1"},
				"south": {"uv": [3.25, 0.5, 3.75, 2.5], "texture": "#1"},
				"west": {"uv": [3, 0.5, 3.5, 2.5], "texture": "#1"},
				"down": {"uv": [3.25, 0.5, 3.75, 1], "texture": "#1"}
			}
		},
		{
			"from": [3, 8, 2.5],
			"to": [15, 10, 14.5],
			"rotation": {"angle": 0, "axis": "y", "origin": [9, 12.5, 8.5]},
			"faces": {
				"north": {"uv": [3, 0, 6, 0.5], "texture": "#1"},
				"east": {"uv": [3, 0, 6, 0.5], "texture": "#1"},
				"south": {"uv": [3, 0, 6, 0.5], "texture": "#1"},
				"west": {"uv": [3, 0, 6, 0.5], "texture": "#1"},
				"up": {"uv": [3, 3, 0, 0], "texture": "#1"},
				"down": {"uv": [3, 3, 0, 6], "texture": "#1"}
			}
		},
		{
			"from": [5.5, 10, 13],
			"to": [12.5, 20, 13],
			"rotation": {"angle": 0, "axis": "y", "origin": [9, 12.5, 8.5]},
			"faces": {
				"north": {"uv": [4.5, 0.5, 6.25, 3], "texture": "#1"},
				"east": {"uv": [0, 0, 0, 2.5], "texture": "#1"},
				"south": {"uv": [4.5, 0.5, 6.25, 3], "texture": "#1"},
				"west": {"uv": [0, 0, 0, 2.5], "texture": "#1"},
				"up": {"uv": [0, 0, 1.75, 0], "texture": "#1"},
				"down": {"uv": [0, 0, 1.75, 0], "texture": "#1"}
			}
		},
		{
			"from": [3.5, 10, 12],
			"to": [5.5, 24, 14],
			"rotation": {"angle": 0, "axis": "y", "origin": [9, 12.5, 8.5]},
			"faces": {
				"north": {"uv": [3.75, 0.5, 4.25, 4], "texture": "#1"},
				"east": {"uv": [4, 0.5, 4.5, 4], "texture": "#1"},
				"south": {"uv": [3.75, 0.5, 4.25, 4], "texture": "#1"},
				"west": {"uv": [4, 0.5, 4.5, 4], "texture": "#1"},
				"up": {"uv": [0, 0, 0.5, 0.5], "texture": "#1"},
				"down": {"uv": [3.25, 0.5, 3.75, 1], "texture": "#1"}
			}
		},
		{
			"from": [5.5, 20, 12],
			"to": [12.5, 22, 14],
			"rotation": {"angle": 0, "axis": "y", "origin": [9, 12.5, 8.5]},
			"faces": {
				"north": {"uv": [6.25, 0, 8, 0.5], "texture": "#1"},
				"east": {"uv": [0, 0, 0.5, 0.5], "texture": "#1"},
				"south": {"uv": [6.25, 1, 8, 1.5], "texture": "#1"},
				"west": {"uv": [0, 0, 0.5, 0.5], "texture": "#1"},
				"up": {"uv": [6.25, 0.5, 8, 1], "texture": "#1"},
				"down": {"uv": [6.25, 1, 8, 1.5], "texture": "#1"}
			}
		},
		{
			"from": [12.5, 10, 12],
			"to": [14.5, 24, 14],
			"rotation": {"angle": 0, "axis": "y", "origin": [9, 12.5, 8.5]},
			"faces": {
				"north": {"uv": [3.75, 0.5, 4.25, 4], "texture": "#1"},
				"east": {"uv": [4, 0.5, 4.5, 4], "texture": "#1"},
				"south": {"uv": [3.75, 0.5, 4.25, 4], "texture": "#1"},
				"west": {"uv": [4, 0.5, 4.5, 4], "texture": "#1"},
				"up": {"uv": [0, 0, 0.5, 0.5], "texture": "#1"},
				"down": {"uv": [3.25, 0.5, 3.75, 1], "texture": "#1"}
			}
		}
	],
	"groups": [
		{
			"name": "chair",
			"origin": [2, 10.55556, -1.5],
			"color": 0,
			"children": [0, 1, 2, 3, 4, 5, 6, 7, 8]
		}
	]
}