{
	"credit": "Made with Blockbench",
	"textures": {
		"0": "block/custom/stol"
	},
	"elements": [
		{
			"from": [-6, 0, 20],
			"to": [-4, 14, 22],
			"rotation": {"angle": 0, "axis": "y", "origin": [8, 16, 8]},
			"faces": {
				"north": {"uv": [0, 8.25, 0.5, 11.25], "texture": "#0"},
				"east": {"uv": [0.25, 8.25, 0.75, 11.25], "texture": "#0"},
				"south": {"uv": [0, 8.25, 0.5, 11.25], "texture": "#0"},
				"west": {"uv": [0.25, 8.25, 0.75, 11.25], "texture": "#0"},
				"down": {"uv": [0.5, 8.25, 0, 8.67857], "texture": "#0"}
			}
		},
		{
			"from": [-6, 0, -6],
			"to": [-4, 14, -4],
			"rotation": {"angle": 0, "axis": "y", "origin": [8, 16, 7]},
			"faces": {
				"north": {"uv": [0.25, 8.25, 0.75, 11.25], "texture": "#0"},
				"east": {"uv": [0, 8.25, 0.5, 11.25], "texture": "#0"},
				"south": {"uv": [0.25, 8.25, 0.75, 11.25], "texture": "#0"},
				"west": {"uv": [0, 8.25, 0.5, 11.25], "texture": "#0"},
				"down": {"uv": [0.5, 8.25, 0, 8.67857], "texture": "#0"}
			}
		},
		{
			"from": [20, 0, 20],
			"to": [22, 14, 22],
			"rotation": {"angle": 0, "axis": "y", "origin": [8, 16, 8]},
			"faces": {
				"north": {"uv": [0.25, 8.25, 0.75, 11.25], "texture": "#0"},
				"east": {"uv": [0, 8.25, 0.5, 11.25], "texture": "#0"},
				"south": {"uv": [0.25, 8.25, 0.75, 11.25], "texture": "#0"},
				"west": {"uv": [0, 8.25, 0.5, 11.25], "texture": "#0"},
				"down": {"uv": [0.5, 8.25, 0, 8.67857], "texture": "#0"}
			}
		},
		{
			"from": [20, 0, -6],
			"to": [22, 14, -4],
			"rotation": {"angle": 0, "axis": "y", "origin": [8, 16, 7]},
			"faces": {
				"north": {"uv": [0, 8.25, 0.5, 11.25], "texture": "#0"},
				"east": {"uv": [0.25, 8.25, 0.75, 11.25], "texture": "#0"},
				"south": {"uv": [0, 8.25, 0.5, 11.25], "texture": "#0"},
				"west": {"uv": [0.25, 8.25, 0.75, 11.25], "texture": "#0"},
				"down": {"uv": [0.5, 8.25, 0, 8.67857], "texture": "#0"}
			}
		},
		{
			"from": [-6, 11, -6],
			"to": [22, 14, 22],
			"rotation": {"angle": 0, "axis": "y", "origin": [8, 16, 7]},
			"faces": {
				"north": {"uv": [9, 8, 16, 8.75], "texture": "#0"},
				"east": {"uv": [9, 8, 16, 8.75], "texture": "#0"},
				"south": {"uv": [9, 8, 16, 8.75], "texture": "#0"},
				"west": {"uv": [9, 8, 16, 8.75], "texture": "#0"}
			}
		},
		{
			"from": [-8, 14, -8],
			"to": [24, 16, 24],
			"rotation": {"angle": 0, "axis": "y", "origin": [8, 16, 5]},
			"faces": {
				"north": {"uv": [8, 0, 16, 0.5], "texture": "#0"},
				"east": {"uv": [8, 0, 16, 0.5], "texture": "#0"},
				"south": {"uv": [8, 0, 16, 0.5], "texture": "#0"},
				"west": {"uv": [8, 0, 16, 0.5], "texture": "#0"},
				"up": {"uv": [8, 8, 0, 0], "texture": "#0"},
				"down": {"uv": [8, 0, 0, 8], "texture": "#0"}
			}
		}
	],
	"display": {
		"gui": {
			"rotation": [24.2, 43.08, -0.89],
			"translation": [0, -0.75, 0],
			"scale": [0.4, 0.4, 0.4]
		}
	}
}