{
	"credit": "Made with Blockbench",
	"texture_size": [64, 64],
	"textures": {
		"2": "block/custom/sofa",
		"particle": "block/custom/sofa"
	},
	"elements": [
		{
			"from": [0, 2, 0],
			"to": [16, 10, 16],
			"rotation": {"angle": 0, "axis": "y", "origin": [0, 2, 0]},
			"faces": {
				"north": {"uv": [4, 3.5, 8, 5.5], "texture": "#2"},
				"east": {"uv": [4, 7.5, 8, 9.5], "texture": "#2"},
				"south": {"uv": [4, 7.5, 8, 9.5], "texture": "#2"},
				"west": {"uv": [4, 5.5, 8, 7.5], "texture": "#2"},
				"up": {"uv": [4, 4, 0, 0], "texture": "#2"},
				"down": {"uv": [4, 4, 0, 8], "texture": "#2"}
			}
		},
		{
			"from": [-4, 10, -1],
			"to": [2, 16, 16],
			"rotation": {"angle": 22.5, "axis": "z", "origin": [2, 10, 8]},
			"faces": {
				"north": {"uv": [3, 9.5, 4.5, 11], "texture": "#2"},
				"east": {"uv": [8, 0, 12.25, 1.5], "texture": "#2"},
				"south": {"uv": [4.5, 9.5, 6, 11], "texture": "#2"},
				"west": {"uv": [8, 3, 12.25, 4.5], "texture": "#2"},
				"up": {"uv": [4.5, 16, 3, 11.75], "texture": "#2"},
				"down": {"uv": [1.5, 8, 3, 12.25], "rotation": 180, "texture": "#2"}
			}
		},
		{
			"from": [13.5, 7.75, -1],
			"to": [19.5, 13.75, 16],
			"rotation": {"angle": -22.5, "axis": "z", "origin": [19.5, 7.75, 8]},
			"faces": {
				"north": {"uv": [6, 9.5, 7.5, 11], "texture": "#2"},
				"east": {"uv": [8, 3, 12.25, 4.5], "texture": "#2"},
				"south": {"uv": [10.5, 8.5, 12, 10], "texture": "#2"},
				"west": {"uv": [8, 4.5, 12.25, 6], "texture": "#2"},
				"up": {"uv": [1.5, 12.25, 0, 8], "texture": "#2"},
				"down": {"uv": [3, 8, 1.5, 12.25], "texture": "#2"}
			}
		},
		{
			"from": [0, 10, 11],
			"to": [16, 24, 16],
			"rotation": {"angle": 0, "axis": "y", "origin": [8, 10, 16]},
			"faces": {
				"north": {"uv": [4, 0, 8, 3.5], "texture": "#2"},
				"east": {"uv": [8, 8.5, 9.25, 12], "texture": "#2"},
				"south": {"uv": [12, 12.5, 16, 16], "texture": "#2"},
				"west": {"uv": [9.25, 8.5, 10.5, 12], "texture": "#2"},
				"up": {"uv": [12, 7.25, 8, 6], "texture": "#2"},
				"down": {"uv": [12, 7.25, 8, 8.5], "texture": "#2"}
			}
		},
		{
			"from": [2, 0, 2],
			"to": [4, 2, 4],
			"rotation": {"angle": 0, "axis": "y", "origin": [2, 0, 2]},
			"faces": {
				"north": {"uv": [14.5, 15.5, 15, 16], "texture": "#2"},
				"east": {"uv": [14, 15.5, 14.5, 16], "texture": "#2"},
				"south": {"uv": [15.5, 15.5, 16, 16], "texture": "#2"},
				"west": {"uv": [15, 15.5, 15.5, 16], "texture": "#2"},
				"up": {"uv": [15, 15.5, 14.5, 15], "texture": "#2"},
				"down": {"uv": [15.5, 15, 15, 15.5], "texture": "#2"}
			}
		},
		{
			"from": [12, 0, 2],
			"to": [14, 2, 4],
			"rotation": {"angle": 0, "axis": "y", "origin": [12, 0, 2]},
			"faces": {
				"north": {"uv": [14.5, 15.5, 15, 16], "texture": "#2"},
				"east": {"uv": [14, 15.5, 14.5, 16], "texture": "#2"},
				"south": {"uv": [15.5, 15.5, 16, 16], "texture": "#2"},
				"west": {"uv": [15, 15.5, 15.5, 16], "texture": "#2"},
				"up": {"uv": [15, 15.5, 14.5, 15], "texture": "#2"},
				"down": {"uv": [15.5, 15, 15, 15.5], "texture": "#2"}
			}
		},
		{
			"from": [2, 0, 12],
			"to": [4, 2, 14],
			"rotation": {"angle": 0, "axis": "y", "origin": [2, 0, 12]},
			"faces": {
				"north": {"uv": [14.5, 15.5, 15, 16], "texture": "#2"},
				"east": {"uv": [14, 15.5, 14.5, 16], "texture": "#2"},
				"south": {"uv": [15.5, 15.5, 16, 16], "texture": "#2"},
				"west": {"uv": [15, 15.5, 15.5, 16], "texture": "#2"},
				"up": {"uv": [15, 15.5, 14.5, 15], "texture": "#2"},
				"down": {"uv": [15.5, 15, 15, 15.5], "texture": "#2"}
			}
		},
		{
			"from": [12, 0, 12],
			"to": [14, 2, 14],
			"rotation": {"angle": 0, "axis": "y", "origin": [12, 0, 12]},
			"faces": {
				"north": {"uv": [14.5, 15.5, 15, 16], "texture": "#2"},
				"east": {"uv": [14, 15.5, 14.5, 16], "texture": "#2"},
				"south": {"uv": [15.5, 15.5, 16, 16], "texture": "#2"},
				"west": {"uv": [15, 15.5, 15.5, 16], "texture": "#2"},
				"up": {"uv": [15, 15.5, 14.5, 15], "texture": "#2"},
				"down": {"uv": [15.5, 15, 15, 15.5], "texture": "#2"}
			}
		}
	],
	"display": {
		"thirdperson_righthand": {
			"scale": [0.5, 0.5, 0.5]
		},
		"thirdperson_lefthand": {
			"scale": [0.5, 0.5, 0.5]
		},
		"firstperson_righthand": {
			"rotation": [-180, 66.5, -180],
			"scale": [0.5, 0.5, 0.5]
		},
		"gui": {
			"rotation": [-143.75, 51.25, -180],
			"translation": [0, -2.25, 0],
			"scale": [0.5, 0.5, 0.5]
		}
	},
	"groups": [
		{
			"name": "group",
			"origin": [8, 8, 16],
			"color": 0,
			"children": [0, 1, 2, 3, 4, 5, 6, 7]
		}
	]
}