{
	"credit": "Made with Blockbench",
	"texture_size": [32, 32],
	"textures": {
		"1": "block/custom/stol2"
	},
	"elements": [
		{
			"from": [12, -1, 0],
			"to": [14, 13, 2],
			"rotation": {"angle": 22.5, "axis": "x", "origin": [13, 13, 1]},
			"faces": {
				"north": {"uv": [8, 1, 9, 8], "texture": "#1"},
				"east": {"uv": [8, 8, 9, 15], "texture": "#1"},
				"south": {"uv": [8, 1, 9, 8], "texture": "#1"},
				"west": {"uv": [8, 8, 9, 15], "texture": "#1"},
				"down": {"uv": [10, 1, 9, 2], "texture": "#1"}
			}
		},
		{
			"from": [2, -1, 0],
			"to": [4, 13, 2],
			"rotation": {"angle": 22.5, "axis": "x", "origin": [3, 13, 1]},
			"faces": {
				"north": {"uv": [8, 1, 9, 8], "texture": "#1"},
				"east": {"uv": [8, 8, 9, 15], "texture": "#1"},
				"south": {"uv": [8, 1, 9, 8], "texture": "#1"},
				"west": {"uv": [8, 8, 9, 15], "texture": "#1"},
				"down": {"uv": [10, 1, 9, 2], "texture": "#1"}
			}
		},
		{
			"from": [12, -1, 14],
			"to": [14, 13, 16],
			"rotation": {"angle": -22.5, "axis": "x", "origin": [13, 13, 15]},
			"faces": {
				"north": {"uv": [8, 1, 9, 8], "texture": "#1"},
				"east": {"uv": [8, 8, 9, 15], "texture": "#1"},
				"south": {"uv": [8, 1, 9, 8], "texture": "#1"},
				"west": {"uv": [8, 8, 9, 15], "texture": "#1"},
				"down": {"uv": [10, 1, 9, 2], "texture": "#1"}
			}
		},
		{
			"from": [2, -1, 14],
			"to": [4, 13, 16],
			"rotation": {"angle": -22.5, "axis": "x", "origin": [3, 13, 15]},
			"faces": {
				"north": {"uv": [8, 1, 9, 8], "texture": "#1"},
				"east": {"uv": [8, 8, 9, 15], "texture": "#1"},
				"south": {"uv": [8, 1, 9, 8], "texture": "#1"},
				"west": {"uv": [8, 8, 9, 15], "texture": "#1"},
				"down": {"uv": [10, 1, 9, 2], "texture": "#1"}
			}
		},
		{
			"from": [0, 12.5, -8],
			"to": [16, 14.5, 24],
			"rotation": {"angle": 0, "axis": "y", "origin": [0, 14.5, 5]},
			"faces": {
				"north": {"uv": [8, 0, 16, 1], "texture": "#1"},
				"east": {"uv": [8, 0, 16, 1], "texture": "#1"},
				"south": {"uv": [8, 0, 16, 1], "texture": "#1"},
				"west": {"uv": [8, 0, 16, 1], "texture": "#1"},
				"up": {"uv": [8, 16, 0, 0], "texture": "#1"},
				"down": {"uv": [8, 0, 0, 16], "texture": "#1"}
			}
		}
	]
}