{
	"credit": "Made with Blockbench",
	"texture_size": [64, 64],
	"textures": {
		"1": "block/custom/tumba"
	},
	"elements": [
		{
			"from": [0.5, 0, 0.5],
			"to": [15.5, 14, 15.5],
			"faces": {
				"north": {"uv": [0, 0, 4, 3.5], "texture": "#1"},
				"east": {"uv": [4, 0, 7.75, 3.5], "texture": "#1"},
				"south": {"uv": [0, 0, 4, 3.5], "texture": "#1"},
				"west": {"uv": [4, 0, 7.75, 3.5], "texture": "#1"},
				"up": {"uv": [16, 3.75, 12.25, 0], "texture": "#1"},
				"down": {"uv": [16, 0, 12.25, 3.75], "texture": "#1"}
			}
		},
		{
			"from": [0, 14, 0],
			"to": [16, 16, 16],
			"faces": {
				"north": {"uv": [0, 3.5, 4, 4], "texture": "#1"},
				"east": {"uv": [0, 4, 4, 4.5], "texture": "#1"},
				"south": {"uv": [0, 3.5, 4, 4], "texture": "#1"},
				"west": {"uv": [0, 4, 4, 4.5], "texture": "#1"},
				"up": {"uv": [0, 4.5, 4, 8.5], "texture": "#1"},
				"down": {"uv": [0, 0, 4, 4], "texture": "#1"}
			}
		},
		{
			"from": [1.5, 2, -0.5],
			"to": [14.5, 7, 0.5],
			"faces": {
				"north": {"uv": [4, 4.5, 7.25, 5.75], "texture": "#1"},
				"east": {"uv": [0, 0, 0.25, 1.25], "texture": "#1"},
				"south": {"uv": [0, 0, 3.25, 1.25], "texture": "#1"},
				"west": {"uv": [0, 0, 0.25, 1.25], "texture": "#1"},
				"up": {"uv": [0, 0, 3.25, 0.25], "texture": "#1"},
				"down": {"uv": [0, 0, 3.25, 0.25], "texture": "#1"}
			}
		},
		{
			"from": [1.5, 8, -0.5],
			"to": [14.5, 12, 0.5],
			"faces": {
				"north": {"uv": [4, 3.5, 7.25, 4.5], "texture": "#1"},
				"east": {"uv": [0, 0, 0.25, 1], "texture": "#1"},
				"south": {"uv": [0, 0, 3.25, 1], "texture": "#1"},
				"west": {"uv": [0.5, 0.25, 0.75, 1.25], "texture": "#1"},
				"up": {"uv": [4, 3.5, 7.25, 3.75], "texture": "#1"},
				"down": {"uv": [4, 4.25, 7.25, 4.5], "texture": "#1"}
			}
		},
		{
			"from": [5.5, 9.1, -0.9],
			"to": [10.5, 11.1, -0.9],
			"rotation": {"angle": 22.5, "axis": "x", "origin": [8, 10, -1]},
			"faces": {
				"north": {"uv": [4, 8, 5.25, 8.5], "texture": "#1"},
				"east": {"uv": [0, 0, 0, 0.5], "texture": "#1"},
				"south": {"uv": [4, 8, 5.25, 8.5], "texture": "#1"},
				"west": {"uv": [0, 0, 0, 0.5], "texture": "#1"},
				"up": {"uv": [0, 0, 1.25, 0], "texture": "#1"},
				"down": {"uv": [0, 0, 1.25, 0], "texture": "#1"}
			}
		},
		{
			"from": [5.5, 3.6, 1.35],
			"to": [10.5, 5.6, 1.35],
			"rotation": {"angle": 22.5, "axis": "x", "origin": [8, 10, -1]},
			"faces": {
				"north": {"uv": [4, 8, 5.25, 8.5], "texture": "#1"},
				"east": {"uv": [0, 0, 0, 0.5], "texture": "#1"},
				"south": {"uv": [4, 8, 5.25, 8.5], "texture": "#1"},
				"west": {"uv": [0, 0, 0, 0.5], "texture": "#1"},
				"up": {"uv": [0, 0, 1.25, 0], "texture": "#1"},
				"down": {"uv": [0, 0, 1.25, 0], "texture": "#1"}
			}
		}
	],
	"groups": [
		{
			"name": "tumba",
			"origin": [0, 0, 0],
			"color": 0,
			"children": [0, 1, 2, 3, 4, 5]
		}
	]
}