{
	"credit": "Made with Blockbench",
	"texture_size": [128, 128],
	"textures": {
		"0": "block/custom/tv",
		"1": "block/dark_oak_planks",
		"particle": "block/custom/tv"
	},
	"elements": [
		{
			"from": [-1, 2, 15],
			"to": [17, 17, 15],
			"rotation": {"angle": 0, "axis": "y", "origin": [0, 1, 0]},
			"faces": {
				"north": {"uv": [0, 3.5, 2.25, 5.375], "texture": "#0"},
				"south": {"uv": [0, 2, 16, 14], "texture": "#1"}
			}
		},
		{
			"from": [-1, 1, 1],
			"to": [17, 2, 15],
			"rotation": {"angle": 0, "axis": "y", "origin": [0, 1.5, 0]},
			"faces": {
				"north": {"uv": [6.25, 6.125, 8.5, 6.25], "texture": "#0"},
				"east": {"uv": [8, 4, 6.25, 4.125], "texture": "#0"},
				"south": {"uv": [0.125, 0, 16, 1], "texture": "#1"},
				"west": {"uv": [6.25, 4, 8, 4.125], "texture": "#0"},
				"up": {"uv": [5, 1.75, 2.5, 0], "texture": "#0"},
				"down": {"uv": [5, 1.75, 2.5, 3.5], "texture": "#0"}
			}
		},
		{
			"from": [-1, 2, 1],
			"to": [17, 5, 1],
			"rotation": {"angle": 0, "axis": "y", "origin": [0, 1, 0]},
			"faces": {
				"north": {"uv": [3.5, 5.75, 5.75, 6.125], "texture": "#0"}
			}
		},
		{
			"from": [-1, 4.69344, 1.4588],
			"to": [17, 4.69344, 4.4588],
			"rotation": {"angle": -22.5, "axis": "x", "origin": [0, 3.69344, 0.4588]},
			"faces": {
				"up": {"uv": [7.25, 3.5, 5, 3.125], "texture": "#0"}
			}
		},
		{
			"from": [-1, 17.38268, 1.07612],
			"to": [17, 17.38268, 4.07612],
			"rotation": {"angle": 22.5, "axis": "x", "origin": [0, 17.38268, 0.07612]},
			"faces": {
				"down": {"uv": [5.75, 5.375, 3.5, 5.75], "texture": "#0"}
			}
		},
		{
			"from": [-2, 17, 1],
			"to": [18, 18, 15],
			"rotation": {"angle": 0, "axis": "y", "origin": [1, 17, 0]},
			"faces": {
				"north": {"uv": [0, 0, 16, 1], "texture": "#1"},
				"east": {"uv": [16, 0, 0, 1], "texture": "#1"},
				"south": {"uv": [0.125, 0, 16, 1], "texture": "#1"},
				"west": {"uv": [16, 0, 0, 1], "texture": "#1"},
				"up": {"uv": [16, 14, 0, 2], "texture": "#1"},
				"down": {"uv": [2.5, 1.75, 0, 3.5], "texture": "#0"}
			}
		},
		{
			"from": [-2, 2, 1],
			"to": [-1, 17, 15],
			"rotation": {"angle": 0, "axis": "y", "origin": [-2, 2, 1]},
			"faces": {
				"north": {"uv": [0, 1, 1, 16], "texture": "#1"},
				"east": {"uv": [4.5, 3.5, 6.25, 5.375], "texture": "#0"},
				"south": {"uv": [4, 6.125, 4.125, 8], "texture": "#0"},
				"west": {"uv": [2, 1, 16, 16], "texture": "#1"},
				"down": {"uv": [15, 0, 16, 16], "texture": "#1"}
			}
		},
		{
			"from": [17, 2, 1],
			"to": [18, 17, 15],
			"rotation": {"angle": 0, "axis": "y", "origin": [17, 2, 1]},
			"faces": {
				"north": {"uv": [0, 1, 1, 16], "texture": "#1"},
				"east": {"uv": [16, 1, 0, 16], "texture": "#1"},
				"south": {"uv": [4.25, 6.125, 4.375, 8], "texture": "#0"},
				"west": {"uv": [1.75, 5.375, 3.5, 7.25], "texture": "#0"},
				"down": {"uv": [1, 16, 0, 0], "texture": "#1"}
			}
		},
		{
			"from": [17, 5, 1],
			"to": [17, 17, 4],
			"rotation": {"angle": -22.5, "axis": "y", "origin": [17, 2, 1]},
			"faces": {
				"west": {"uv": [5.75, 5.875, 6.125, 7.375], "texture": "#0"}
			}
		},
		{
			"from": [-1, 5, 1],
			"to": [-1, 17, 4],
			"rotation": {"angle": 22.5, "axis": "y", "origin": [-1, 2, 1]},
			"faces": {
				"east": {"uv": [3.5, 6.125, 3.875, 7.625], "texture": "#0"}
			}
		},
		{
			"from": [0, 6, 3.775],
			"to": [16, 16, 5.775],
			"rotation": {"angle": 0, "axis": "y", "origin": [14, 6, 3.775]},
			"faces": {
				"north": {"uv": [5, 1.875, 7, 3.125], "texture": "#0"}
			}
		},
		{
			"from": [14, 2.5, 0.5],
			"to": [16, 4.5, 1],
			"rotation": {"angle": 0, "axis": "y", "origin": [14, 2.5, 0]},
			"faces": {
				"north": {"uv": [4.875, 6.125, 5.125, 6.375], "texture": "#0"},
				"east": {"uv": [5.625, 6.125, 5.75, 6.375], "texture": "#0"},
				"west": {"uv": [6.25, 4.5, 6.375, 4.75], "texture": "#0"},
				"up": {"uv": [6.5, 4.875, 6.25, 4.75], "texture": "#0"},
				"down": {"uv": [6.5, 4.875, 6.25, 5], "texture": "#0"}
			}
		},
		{
			"from": [0, 2.5, 0.5],
			"to": [2, 4.5, 1],
			"rotation": {"angle": 0, "axis": "y", "origin": [1, 3.5, 0.75]},
			"faces": {
				"north": {"uv": [4.875, 6.125, 5.125, 6.375], "rotation": 270, "texture": "#0"},
				"east": {"uv": [6.5, 4.875, 6.25, 4.75], "rotation": 90, "texture": "#0"},
				"west": {"uv": [6.5, 4.875, 6.25, 5], "rotation": 90, "texture": "#0"},
				"up": {"uv": [6.25, 4.5, 6.375, 4.75], "rotation": 90, "texture": "#0"},
				"down": {"uv": [5.625, 6.125, 5.75, 6.375], "rotation": 90, "texture": "#0"}
			}
		},
		{
			"from": [3, 18, 6],
			"to": [13, 18.5, 10],
			"rotation": {"angle": 0, "axis": "y", "origin": [8, 18, 7]},
			"faces": {
				"north": {"uv": [6.25, 4.125, 7.5, 4.25], "texture": "#0"},
				"east": {"uv": [5.125, 6.125, 5.625, 6.25], "texture": "#0"},
				"south": {"uv": [6.25, 4.25, 7.5, 4.375], "texture": "#0"},
				"west": {"uv": [6.25, 4.375, 6.75, 4.5], "texture": "#0"},
				"up": {"uv": [7, 5.875, 5.75, 5.375], "texture": "#0"}
			}
		},
		{
			"from": [7.25, 18, 7.5],
			"to": [8.25, 29.5, 8.5],
			"rotation": {"angle": -45, "axis": "z", "origin": [7.75, 18, 7]},
			"faces": {
				"north": {"uv": [4.375, 6.125, 4.5, 7.625], "texture": "#0"},
				"east": {"uv": [4.5, 6.125, 4.625, 7.625], "texture": "#0"},
				"south": {"uv": [4.625, 6.125, 4.75, 7.625], "texture": "#0"},
				"west": {"uv": [4.75, 6.125, 4.875, 7.625], "texture": "#0"},
				"up": {"uv": [6.375, 5.125, 6.25, 5], "texture": "#0"}
			}
		},
		{
			"from": [7.25, 18, 7.5],
			"to": [8.25, 29.5, 8.5],
			"rotation": {"angle": 45, "axis": "z", "origin": [7.75, 18, 7]},
			"faces": {
				"north": {"uv": [4.375, 6.125, 4.5, 7.625], "texture": "#0"},
				"east": {"uv": [4.5, 6.125, 4.625, 7.625], "texture": "#0"},
				"south": {"uv": [4.625, 6.125, 4.75, 7.625], "texture": "#0"},
				"west": {"uv": [4.75, 6.125, 4.875, 7.625], "texture": "#0"},
				"up": {"uv": [6.375, 5.125, 6.25, 5], "texture": "#0"}
			}
		},
		{
			"from": [0, 0, 2],
			"to": [2, 1, 4],
			"rotation": {"angle": 0, "axis": "y", "origin": [0, 0, 2]},
			"faces": {
				"north": {"uv": [0, 0, 0.25, 0.125], "texture": "#0"},
				"east": {"uv": [0, 0, 0.25, 0.125], "texture": "#0"},
				"south": {"uv": [0, 0, 0.25, 0.125], "texture": "#0"},
				"west": {"uv": [0, 0, 0.25, 0.125], "texture": "#0"},
				"up": {"uv": [0, 0, 0.25, 0.25], "texture": "#0"},
				"down": {"uv": [0, 0, 0.25, 0.25], "texture": "#0"}
			}
		},
		{
			"from": [14, 0, 2],
			"to": [16, 1, 4],
			"rotation": {"angle": 0, "axis": "y", "origin": [14, 0, 2]},
			"faces": {
				"north": {"uv": [0, 0, 0.25, 0.125], "texture": "#0"},
				"east": {"uv": [0, 0, 0.25, 0.125], "texture": "#0"},
				"south": {"uv": [0, 0, 0.25, 0.125], "texture": "#0"},
				"west": {"uv": [0, 0, 0.25, 0.125], "texture": "#0"},
				"up": {"uv": [0, 0, 0.25, 0.25], "texture": "#0"},
				"down": {"uv": [0, 0, 0.25, 0.25], "texture": "#0"}
			}
		},
		{
			"from": [0, 0, 12],
			"to": [2, 1, 14],
			"rotation": {"angle": 0, "axis": "y", "origin": [0, 0, 12]},
			"faces": {
				"north": {"uv": [0, 0, 0.25, 0.125], "texture": "#0"},
				"east": {"uv": [0, 0, 0.25, 0.125], "texture": "#0"},
				"south": {"uv": [0, 0, 0.25, 0.125], "texture": "#0"},
				"west": {"uv": [0, 0, 0.25, 0.125], "texture": "#0"},
				"up": {"uv": [0, 0, 0.25, 0.25], "texture": "#0"},
				"down": {"uv": [0, 0, 0.25, 0.25], "texture": "#0"}
			}
		},
		{
			"from": [14, 0, 12],
			"to": [16, 1, 14],
			"rotation": {"angle": 0, "axis": "y", "origin": [14, 0, 12]},
			"faces": {
				"north": {"uv": [0, 0, 0.25, 0.125], "texture": "#0"},
				"east": {"uv": [0, 0, 0.25, 0.125], "texture": "#0"},
				"south": {"uv": [0, 0, 0.25, 0.125], "texture": "#0"},
				"west": {"uv": [0, 0, 0.25, 0.125], "texture": "#0"},
				"up": {"uv": [0, 0, 0.25, 0.25], "texture": "#0"},
				"down": {"uv": [0, 0, 0.25, 0.25], "texture": "#0"}
			}
		}
	]
}