{
	"credit": "Made with Blockbench",
	"textures": {
		"0": "block/dark_oak_planks",
		"1": "block/custom/box",
		"particle": "block/dark_oak_planks"
	},
	"elements": [
		{
			"from": [2.5, 0, 2.5],
			"to": [4.5, 10, 4.5],
			"rotation": {"angle": 0, "axis": "y", "origin": [2.5, 0, 2.5]},
			"faces": {
				"north": {"uv": [0, 5, 2, 15], "texture": "#0"},
				"east": {"uv": [1, 5, 3, 15], "texture": "#0"},
				"south": {"uv": [0, 0, 2, 10], "texture": "#0"},
				"west": {"uv": [0, 5, 2, 15], "texture": "#0"},
				"down": {"uv": [0, 0, 2, 2], "texture": "#0"}
			}
		},
		{
			"from": [11.5, 0, 2.5],
			"to": [13.5, 10, 4.5],
			"rotation": {"angle": 0, "axis": "y", "origin": [11.5, 0, 2.5]},
			"faces": {
				"north": {"uv": [1, 5, 3, 15], "texture": "#0"},
				"east": {"uv": [0, 5, 2, 15], "texture": "#0"},
				"south": {"uv": [0, 0, 2, 10], "texture": "#0"},
				"west": {"uv": [0, 5, 2, 15], "texture": "#0"},
				"down": {"uv": [0, 0, 2, 2], "texture": "#0"}
			}
		},
		{
			"from": [2.5, 0, 11.5],
			"to": [4.5, 10, 13.5],
			"rotation": {"angle": 0, "axis": "y", "origin": [2.5, 0, 11.5]},
			"faces": {
				"north": {"uv": [1, 5, 3, 15], "texture": "#0"},
				"east": {"uv": [0, 5, 2, 15], "texture": "#0"},
				"south": {"uv": [0, 0, 2, 10], "texture": "#0"},
				"west": {"uv": [0, 5, 2, 15], "texture": "#0"},
				"down": {"uv": [0, 0, 2, 2], "texture": "#0"}
			}
		},
		{
			"from": [11.5, 0, 11.5],
			"to": [13.5, 10, 13.5],
			"rotation": {"angle": 0, "axis": "y", "origin": [11.5, 0, 11.5]},
			"faces": {
				"north": {"uv": [0, 5, 2, 15], "texture": "#0"},
				"east": {"uv": [1, 5, 3, 15], "texture": "#0"},
				"south": {"uv": [0, 0, 2, 10], "texture": "#0"},
				"west": {"uv": [0, 5, 2, 15], "texture": "#0"},
				"down": {"uv": [0, 0, 2, 2], "texture": "#0"}
			}
		},
		{
			"from": [2, 10, 2],
			"to": [14, 12, 14],
			"rotation": {"angle": 0, "axis": "y", "origin": [2, 10, 3]},
			"faces": {
				"north": {"uv": [1, 0, 13, 2], "texture": "#0"},
				"east": {"uv": [3, 0, 15, 2], "texture": "#0"},
				"south": {"uv": [1, 0, 13, 2], "texture": "#0"},
				"west": {"uv": [3, 0, 15, 2], "texture": "#0"},
				"up": {"uv": [2, 2, 14, 14], "texture": "#0"},
				"down": {"uv": [1, 1, 15, 15], "texture": "#0"}
			}
		},
		{
			"from": [12, 12, 12],
			"to": [14, 27, 14],
			"rotation": {"angle": 0, "axis": "y", "origin": [2, 10, 3]},
			"faces": {
				"north": {"uv": [0, 1, 2, 16], "texture": "#0"},
				"east": {"uv": [14, 1, 16, 16], "texture": "#0"},
				"south": {"uv": [0, 1, 2, 16], "texture": "#0"},
				"west": {"uv": [14, 1, 16, 16], "texture": "#0"},
				"up": {"uv": [0, 0, 2, 2], "texture": "#0"}
			}
		},
		{
			"from": [4, 23, 12],
			"to": [12, 25, 14],
			"rotation": {"angle": 0, "axis": "y", "origin": [2, 11, 3]},
			"faces": {
				"north": {"uv": [5, 0, 13, 2], "texture": "#0"},
				"south": {"uv": [2, 14, 10, 16], "texture": "#0"},
				"up": {"uv": [1, 0, 9, 2], "texture": "#0"},
				"down": {"uv": [0, 0, 8, 2], "texture": "#0"}
			}
		},
		{
			"from": [2, 12, 12],
			"to": [4, 27, 14],
			"rotation": {"angle": 0, "axis": "y", "origin": [3, 18, 13]},
			"faces": {
				"north": {"uv": [0, 1, 2, 16], "texture": "#0"},
				"east": {"uv": [14, 1, 16, 16], "texture": "#0"},
				"south": {"uv": [0, 1, 2, 16], "texture": "#0"},
				"west": {"uv": [14, 1, 16, 16], "texture": "#0"},
				"up": {"uv": [0, 0, 2, 2], "texture": "#0"}
			}
		},
		{
			"from": [4, 12, 13],
			"to": [12, 23, 13],
			"rotation": {"angle": 0, "axis": "y", "origin": [4, 11, 13]},
			"faces": {
				"north": {"uv": [0, 4.5, 2.25, 7.75], "texture": "#1"},
				"south": {"uv": [0, 4.5, 2.25, 7.75], "texture": "#1"}
			}
		}
	]
}