{
	"credit": "Made with Blockbench",
	"texture_size": [32, 32],
	"textures": {
		"0": "block/custom/provoda",
		"particle": "block/custom/provoda"
	},
	"elements": [
		{
			"from": [7, 0, 7],
			"to": [9, 16, 9],
			"rotation": {"angle": 0, "axis": "y", "origin": [7, 0, 7]},
			"faces": {
				"north": {"uv": [4, 0, 5, 8], "texture": "#0"},
				"east": {"uv": [5, 0, 6, 8], "texture": "#0"},
				"south": {"uv": [6, 0, 7, 8], "texture": "#0"},
				"west": {"uv": [7, 0, 8, 8], "texture": "#0"},
				"up": {"uv": [2, 9, 1, 8], "texture": "#0"},
				"down": {"uv": [9, 1, 8, 2], "texture": "#0"}
			}
		}
	]
}