{
	"credit": "Made with Blockbench",
	"texture_size": [32, 32],
	"textures": {
		"0": "block/custom/provoda",
		"particle": "block/custom/provoda"
	},
	"elements": [
		{
			"from": [7, 0, 7],
			"to": [9, 12, 9],
			"rotation": {"angle": 0, "axis": "y", "origin": [7, 0, 7]},
			"faces": {
				"north": {"uv": [4, 2, 5, 8], "texture": "#0"},
				"east": {"uv": [5, 2, 6, 8], "texture": "#0"},
				"south": {"uv": [6, 2, 7, 8], "texture": "#0"},
				"west": {"uv": [7, 2, 8, 8], "texture": "#0"},
				"up": {"uv": [2, 9, 1, 8], "texture": "#0"},
				"down": {"uv": [9, 1, 8, 2], "texture": "#0"}
			}
		},
		{
			"from": [7, 12, 7],
			"to": [9, 13.5, 9],
			"faces": {
				"north": {"uv": [0, 9, 1, 10], "texture": "#0"},
				"east": {"uv": [0, 9, 1, 10], "texture": "#0"},
				"south": {"uv": [0, 9, 1, 10], "texture": "#0"},
				"west": {"uv": [0, 9, 1, 10], "texture": "#0"},
				"up": {"uv": [0, 9, 1, 10], "texture": "#0"},
				"down": {"uv": [0, 9, 1, 10], "texture": "#0"}
			}
		},
		{
			"from": [8, 13.5, 8],
			"to": [9, 14.5, 9],
			"rotation": {"angle": 0, "axis": "y", "origin": [0, 0.5, 0]},
			"faces": {
				"north": {"uv": [0, 9, 0.5, 9.5], "texture": "#0"},
				"east": {"uv": [0, 9, 0.5, 9.5], "texture": "#0"},
				"south": {"uv": [0, 9, 0.5, 9.5], "texture": "#0"},
				"west": {"uv": [0, 9, 0.5, 9.5], "texture": "#0"},
				"up": {"uv": [0, 9, 0.5, 9.5], "texture": "#0"},
				"down": {"uv": [0, 9, 0.5, 9.5], "texture": "#0"}
			}
		},
		{
			"from": [7.5, 13.5, 8],
			"to": [8, 15.5, 8.5],
			"rotation": {"angle": 0, "axis": "y", "origin": [-0.5, 0.5, -0.5]},
			"faces": {
				"north": {"uv": [0.5, 10, 0.75, 11], "texture": "#0"},
				"east": {"uv": [0.5, 10, 0.75, 11], "texture": "#0"},
				"south": {"uv": [0.5, 10, 0.75, 11], "texture": "#0"},
				"west": {"uv": [0.5, 10, 0.75, 11], "texture": "#0"},
				"up": {"uv": [0, 9, 0.25, 9.25], "texture": "#0"},
				"down": {"uv": [0, 9, 0.25, 9.25], "texture": "#0"}
			}
		},
		{
			"from": [8, 13.5, 7.5],
			"to": [8.5, 16, 8],
			"rotation": {"angle": 0, "axis": "y", "origin": [0, 0.5, -1]},
			"faces": {
				"north": {"uv": [0, 10, 0.25, 11.25], "texture": "#0"},
				"east": {"uv": [0, 10, 0.25, 11.25], "texture": "#0"},
				"south": {"uv": [0, 10, 0.25, 11.25], "texture": "#0"},
				"west": {"uv": [0, 10, 0.25, 11.25], "texture": "#0"},
				"up": {"uv": [0, 10, 0.25, 10.25], "texture": "#0"},
				"down": {"uv": [0, 10, 0.25, 10.25], "texture": "#0"}
			}
		}
	]
}