{
	"credit": "Made with Blockbench",
	"texture_size": [64, 64],
	"textures": {
		"0": "block/dark_oak_planks",
		"1": "block/custom/texture",
		"particle": "block/dark_oak_planks"
	},
	"elements": [
		{
			"from": [1, 0, 1],
			"to": [3, 14, 3],
			"rotation": {"angle": 0, "axis": "y", "origin": [1, 0, 1]},
			"faces": {
				"north": {"uv": [1, 0, 3, 14], "texture": "#0"},
				"east": {"uv": [0, 0, 2, 14], "texture": "#0"},
				"south": {"uv": [14, 0, 16, 14], "texture": "#0"},
				"west": {"uv": [0, 0, 2, 14], "texture": "#0"},
				"down": {"uv": [0, 0, 2, 2], "texture": "#0"}
			}
		},
		{
			"from": [29, 0, 1],
			"to": [31, 14, 3],
			"rotation": {"angle": 0, "axis": "y", "origin": [29, 0, 1]},
			"faces": {
				"north": {"uv": [1, 0, 3, 14], "texture": "#0"},
				"east": {"uv": [0, 0, 2, 14], "texture": "#0"},
				"south": {"uv": [14, 0, 16, 14], "texture": "#0"},
				"west": {"uv": [0, 0, 2, 14], "texture": "#0"},
				"down": {"uv": [0, 0, 2, 2], "texture": "#0"}
			}
		},
		{
			"from": [29, 0, 29],
			"to": [31, 14, 31],
			"rotation": {"angle": 0, "axis": "y", "origin": [29, 0, 29]},
			"faces": {
				"north": {"uv": [1, 0, 3, 14], "texture": "#0"},
				"east": {"uv": [0, 0, 2, 14], "texture": "#0"},
				"south": {"uv": [14, 0, 16, 14], "texture": "#0"},
				"west": {"uv": [0, 0, 2, 14], "texture": "#0"},
				"down": {"uv": [0, 0, 2, 2], "texture": "#0"}
			}
		},
		{
			"from": [1, 0, 29],
			"to": [3, 14, 31],
			"rotation": {"angle": 0, "axis": "y", "origin": [1, 0, 29]},
			"faces": {
				"north": {"uv": [1, 0, 3, 14], "texture": "#0"},
				"east": {"uv": [0, 0, 2, 14], "texture": "#0"},
				"south": {"uv": [14, 0, 16, 14], "texture": "#0"},
				"west": {"uv": [0, 0, 2, 14], "texture": "#0"},
				"down": {"uv": [0, 0, 2, 2], "texture": "#0"}
			}
		},
		{
			"from": [0, 14, 0],
			"to": [32, 16, 32],
			"rotation": {"angle": 0, "axis": "y", "origin": [0, 14, 0]},
			"faces": {
				"north": {"uv": [16, 3.5, 0, 2.5], "texture": "#1"},
				"east": {"uv": [16, 3.5, 0, 2.5], "texture": "#1"},
				"south": {"uv": [16, 3.5, 0, 2.5], "texture": "#1"},
				"west": {"uv": [16, 3.5, 0, 2.5], "texture": "#1"},
				"up": {"uv": [16, 16, 0, 0], "texture": "#1"},
				"down": {"uv": [16, 16, 0, 0], "texture": "#1"}
			}
		}
	]
}