{
	"credit": "Made with Blockbench",
	"textures": {
		"0": "block/dark_oak_planks",
		"particle": "block/dark_oak_planks"
	},
	"elements": [
		{
			"from": [1, 0, 2],
			"to": [4, 1, 13],
			"rotation": {"angle": -22.5, "axis": "y", "origin": [1, 0, 2]},
			"faces": {
				"north": {"uv": [1, 1, 4, 2], "texture": "#0"},
				"east": {"uv": [1, 3, 12, 4], "texture": "#0"},
				"south": {"uv": [1, 1, 4, 2], "texture": "#0"},
				"west": {"uv": [0, 0, 11, 1], "texture": "#0"},
				"up": {"uv": [1, 4, 4, 15], "texture": "#0"},
				"down": {"uv": [1, 4, 4, 15], "texture": "#0"}
			}
		},
		{
			"from": [7, 0, 16],
			"to": [9, 0.5, 20],
			"rotation": {"angle": 22.5, "axis": "y", "origin": [7, 0, 16]},
			"faces": {
				"north": {"uv": [1, 1, 3, 2], "texture": "#0"},
				"east": {"uv": [1, 1, 3, 2], "texture": "#0"},
				"south": {"uv": [1, 1, 3, 2], "texture": "#0"},
				"west": {"uv": [1, 1, 3, 2], "texture": "#0"},
				"up": {"uv": [0, 12, 2, 15], "texture": "#0"},
				"down": {"uv": [0, 12, 2, 15], "texture": "#0"}
			}
		},
		{
			"from": [10, 0, 3],
			"to": [15, 1, 12],
			"rotation": {"angle": 0, "axis": "y", "origin": [10, 0, 3]},
			"faces": {
				"north": {"uv": [1, 6, 6, 7], "texture": "#0"},
				"east": {"uv": [1, 6, 10, 7], "texture": "#0"},
				"south": {"uv": [1, 6, 6, 7], "texture": "#0"},
				"west": {"uv": [1, 6, 10, 7], "texture": "#0"},
				"up": {"uv": [1, 6, 6, 15], "texture": "#0"},
				"down": {"uv": [1, 6, 6, 15], "texture": "#0"}
			}
		}
	]
}