{
	"credit": "Made with Blockbench",
	"textures": {
		"0": "block/dark_oak_planks",
		"particle": "block/dark_oak_planks"
	},
	"elements": [
		{
			"from": [-12, 0, -3],
			"to": [2, 2, -1],
			"rotation": {"angle": 45, "axis": "y", "origin": [2, 0, -3]},
			"faces": {
				"north": {"uv": [1, 0, 3, 14], "rotation": 90, "texture": "#0"},
				"east": {"uv": [0, 0, 2, 2], "rotation": 270, "texture": "#0"},
				"south": {"uv": [14, 0, 16, 14], "rotation": 270, "texture": "#0"},
				"west": {"uv": [0, 0, 2, 2], "rotation": 270, "texture": "#0"},
				"up": {"uv": [0, 0, 2, 14], "rotation": 270, "texture": "#0"},
				"down": {"uv": [0, 0, 2, 14], "rotation": 270, "texture": "#0"}
			}
		},
		{
			"from": [14, 0, 10],
			"to": [18, 1, 22],
			"rotation": {"angle": 22.5, "axis": "y", "origin": [14, 0, 10]},
			"faces": {
				"north": {"uv": [0, 0, 4, 1], "texture": "#0"},
				"east": {"uv": [0, 0, 12, 1], "texture": "#0"},
				"south": {"uv": [0, 0, 4, 1], "texture": "#0"},
				"west": {"uv": [0, 0, 12, 1], "texture": "#0"},
				"up": {"uv": [0, 0, 4, 12], "texture": "#0"},
				"down": {"uv": [0, 0, 4, 12], "texture": "#0"}
			}
		},
		{
			"from": [-8, 0, 16],
			"to": [2, 0.5, 23],
			"rotation": {"angle": 45, "axis": "y", "origin": [-2, 0, 16]},
			"faces": {
				"north": {"uv": [0, 9, 10, 10], "texture": "#0"},
				"east": {"uv": [0, 9, 7, 10], "texture": "#0"},
				"south": {"uv": [0, 9, 10, 10], "texture": "#0"},
				"west": {"uv": [0, 9, 7, 10], "texture": "#0"},
				"up": {"uv": [0, 9, 10, 16], "texture": "#0"},
				"down": {"uv": [0, 9, 10, 16], "texture": "#0"}
			}
		}
	]
}