{
	"credit": "Made with Blockbench",
	"texture_size": [128, 128],
	"textures": {
		"1": "block/custom/1"
	},
	"elements": [
		{
			"from": [7.8, 8.4, 7.8],
			"to": [8.2, 24, 8.2],
			"rotation": {"angle": 0, "axis": "y", "origin": [8, 8, 8]},
			"faces": {
				"north": {"uv": [6, 5.5, 5.75, 15.25], "texture": "#1"},
				"east": {"uv": [5.75, 5.5, 6, 15.25], "texture": "#1"},
				"south": {"uv": [6, 5.5, 5.75, 15.25], "texture": "#1"},
				"west": {"uv": [5.75, 5.5, 6, 15.25], "texture": "#1"},
				"up": {"uv": [5, 3, 4.75, 2.75], "texture": "#1"},
				"down": {"uv": [5, 3, 4.75, 3.25], "texture": "#1"}
			}
		},
		{
			"from": [7.8, 23.6, -1.4],
			"to": [8.2, 24, 7.8],
			"rotation": {"angle": 0, "axis": "y", "origin": [8, 8, 8]},
			"faces": {
				"north": {"uv": [4.75, 3.25, 5, 3.5], "texture": "#1"},
				"east": {"uv": [11.5, 0.25, 5.75, 0.5], "texture": "#1"},
				"south": {"uv": [5.75, 2.5, 6, 2.75], "texture": "#1"},
				"west": {"uv": [5.75, 0.25, 11.5, 0.5], "texture": "#1"},
				"up": {"uv": [5.75, 0.25, 11.5, 0.5], "rotation": 90, "texture": "#1"},
				"down": {"uv": [11.5, 0.5, 5.75, 0.25], "rotation": 90, "texture": "#1"}
			}
		},
		{
			"from": [8, 20.4, -1],
			"to": [8, 24.8, 0.6],
			"rotation": {"angle": 0, "axis": "y", "origin": [8, 24, -0.2]},
			"faces": {
				"north": {"uv": [0, 0, 0, 2.75], "texture": "#1"},
				"east": {"uv": [4, 3.5, 5, 6.25], "texture": "#1"},
				"south": {"uv": [0, 0, 0, 2.75], "texture": "#1"},
				"west": {"uv": [4, 3.5, 5, 6.25], "texture": "#1"},
				"up": {"uv": [0, 1, 0, 0], "texture": "#1"},
				"down": {"uv": [0, 0, 0, 1], "texture": "#1"}
			}
		},
		{
			"from": [8, 20.4, -1],
			"to": [8, 24.8, 0.6],
			"rotation": {"angle": -45, "axis": "y", "origin": [8, 24, -0.2]},
			"faces": {
				"north": {"uv": [0, 0, 0, 2.75], "texture": "#1"},
				"east": {"uv": [4, 3.5, 5, 6.25], "texture": "#1"},
				"south": {"uv": [0, 0, 0, 2.75], "texture": "#1"},
				"west": {"uv": [4, 3.5, 5, 6.25], "texture": "#1"},
				"up": {"uv": [0, 1, 0, 0], "texture": "#1"},
				"down": {"uv": [0, 0, 0, 1], "texture": "#1"}
			}
		},
		{
			"from": [7.2, 20.6, -1],
			"to": [8.8, 21.4, 0.6],
			"rotation": {"angle": 0, "axis": "y", "origin": [8, 8, 8]},
			"faces": {
				"north": {"uv": [2.75, 6.25, 3.75, 6.75], "texture": "#1"},
				"east": {"uv": [3.75, 6.25, 2.75, 6.75], "texture": "#1"},
				"south": {"uv": [2.75, 6.25, 3.75, 6.75], "texture": "#1"},
				"west": {"uv": [3.75, 6.25, 2.75, 6.75], "texture": "#1"},
				"up": {"uv": [6.75, 1.5, 5.75, 0.5], "texture": "#1"},
				"down": {"uv": [6.75, 1.5, 5.75, 2.5], "texture": "#1"}
			}
		},
		{
			"from": [8, 18.8, 3],
			"to": [8, 23.6, 7.8],
			"rotation": {"angle": 0, "axis": "y", "origin": [8, 8, 8]},
			"faces": {
				"north": {"uv": [0, 0, 0, 3], "texture": "#1"},
				"east": {"uv": [3, 3, 0, 6], "texture": "#1"},
				"south": {"uv": [0, 0, 0, 3], "texture": "#1"},
				"west": {"uv": [0, 3, 3, 6], "texture": "#1"},
				"up": {"uv": [0, 3, 0, 0], "texture": "#1"},
				"down": {"uv": [0, 0, 0, 3], "texture": "#1"}
			}
		},
		{
			"from": [6.6, 8, 6.6],
			"to": [9.4, 8.4, 9.4],
			"rotation": {"angle": 0, "axis": "y", "origin": [8, 8, 8]},
			"faces": {
				"north": {"uv": [6.75, 1, 8.5, 1.25], "texture": "#1"},
				"east": {"uv": [6.75, 1, 8.5, 1.25], "texture": "#1"},
				"south": {"uv": [6.75, 1, 8.5, 1.25], "texture": "#1"},
				"west": {"uv": [6.75, 1, 8.5, 1.25], "texture": "#1"},
				"up": {"uv": [4.75, 1.75, 3, 0], "texture": "#1"},
				"down": {"uv": [4.75, 0, 3, 1.75], "texture": "#1"}
			}
		},
		{
			"from": [7.4, 8.4, 7.4],
			"to": [8.6, 10, 8.6],
			"rotation": {"angle": 0, "axis": "y", "origin": [8, 8, 8]},
			"faces": {
				"north": {"uv": [6.75, 2.5, 6, 3.5], "texture": "#1"},
				"east": {"uv": [6, 2.5, 6.75, 3.5], "texture": "#1"},
				"south": {"uv": [6.75, 2.5, 6, 3.5], "texture": "#1"},
				"west": {"uv": [6, 2.5, 6.75, 3.5], "texture": "#1"},
				"up": {"uv": [4.25, 1.25, 3.5, 0.5], "texture": "#1"},
				"down": {"uv": [4.25, 0.5, 3.5, 1.25], "texture": "#1"}
			}
		}
	],
	"groups": [
		{
			"name": "bone",
			"origin": [8, 0, 8],
			"color": 0,
			"children": [0, 1, 2, 3, 4, 5, 6, 7]
		}
	]
}