{
	"credit": "Made with Blockbench",
	"texture_size": [32, 32],
	"textures": {
		"0": "block/custom/2",
		"particle": "block/custom/2"
	},
	"elements": [
		{
			"from": [-6, 0, 7],
			"to": [-3, 16, 10],
			"rotation": {"angle": 0, "axis": "y", "origin": [-6.5, 0, 8.5]},
			"faces": {
				"north": {"uv": [0, 7, 1.5, 15], "texture": "#0"},
				"east": {"uv": [1.5, 7, 3, 15], "texture": "#0"},
				"south": {"uv": [0, 7, 1.5, 15], "texture": "#0"},
				"west": {"uv": [1.5, 7, 3, 15], "texture": "#0"},
				"up": {"uv": [4.5, 9.5, 6, 11], "texture": "#0"}
			}
		},
		{
			"from": [19, 0, 7],
			"to": [22, 16, 10],
			"rotation": {"angle": 0, "axis": "y", "origin": [18.5, 0, 8.5]},
			"faces": {
				"north": {"uv": [0, 7, 1.5, 15], "texture": "#0"},
				"east": {"uv": [1.5, 7, 3, 15], "texture": "#0"},
				"south": {"uv": [0, 7, 1.5, 15], "texture": "#0"},
				"west": {"uv": [1.5, 7, 3, 15], "texture": "#0"},
				"up": {"uv": [4.5, 9.5, 3, 8], "texture": "#0"}
			}
		},
		{
			"from": [-3, 1, 8],
			"to": [19, 2, 9],
			"rotation": {"angle": 0, "axis": "y", "origin": [-3, 0, 7]},
			"faces": {
				"north": {"uv": [3, 7, 14, 7.5], "texture": "#0"},
				"south": {"uv": [3, 7, 14, 7.5], "texture": "#0"},
				"up": {"uv": [3, 7.5, 14, 8], "texture": "#0"},
				"down": {"uv": [3, 7.5, 14, 8], "texture": "#0"}
			}
		},
		{
			"from": [-3, 2, 8.5],
			"to": [19, 16, 8.5],
			"rotation": {"angle": 0, "axis": "y", "origin": [-3, 1, 7]},
			"faces": {
				"north": {"uv": [0, 0, 11, 7], "texture": "#0"},
				"south": {"uv": [0, 0, 11, 7], "texture": "#0"}
			}
		},
		{
			"from": [19.5, 16, 7.5],
			"to": [21.5, 16.5, 9.5],
			"rotation": {"angle": 0, "axis": "y", "origin": [18.5, 16, 8.5]},
			"faces": {
				"north": {"uv": [7, 9.5, 8, 10], "texture": "#0"},
				"east": {"uv": [8, 9.5, 9, 10], "texture": "#0"},
				"south": {"uv": [9, 9.5, 10, 10], "texture": "#0"},
				"west": {"uv": [7, 10, 8, 10.5], "texture": "#0"},
				"up": {"uv": [7, 10.5, 6, 9.5], "texture": "#0"}
			}
		},
		{
			"from": [-5.5, 16, 7.5],
			"to": [-3.5, 16.5, 9.5],
			"rotation": {"angle": 0, "axis": "y", "origin": [-6.5, 16, 8.5]},
			"faces": {
				"north": {"uv": [7, 9.5, 8, 9.75], "texture": "#0"},
				"east": {"uv": [8, 9.5, 9, 9.75], "texture": "#0"},
				"south": {"uv": [9, 9.5, 10, 9.75], "texture": "#0"},
				"west": {"uv": [7, 10, 8, 10.25], "texture": "#0"},
				"up": {"uv": [7, 10.5, 8, 11.5], "texture": "#0"}
			}
		},
		{
			"from": [19, 16.6, 7],
			"to": [22, 19.6, 10],
			"rotation": {"angle": -45, "axis": "z", "origin": [20.5, 18.1, 8.51421]},
			"faces": {
				"north": {"uv": [4.5, 8, 6, 9.5], "texture": "#0"},
				"east": {"uv": [6, 8, 7.5, 9.5], "texture": "#0"},
				"south": {"uv": [7.5, 8, 9, 9.5], "texture": "#0"},
				"west": {"uv": [9, 8, 10.5, 9.5], "texture": "#0"},
				"up": {"uv": [4.5, 11, 3, 9.5], "texture": "#0"},
				"down": {"uv": [6, 9.5, 4.5, 11], "texture": "#0"}
			}
		},
		{
			"from": [-6, 16.6, 7],
			"to": [-3, 19.6, 10],
			"rotation": {"angle": -45, "axis": "z", "origin": [-4.5, 18.1, 8.51421]},
			"faces": {
				"north": {"uv": [4.5, 8, 6, 9.5], "texture": "#0"},
				"east": {"uv": [6, 8, 7.5, 9.5], "texture": "#0"},
				"south": {"uv": [7.5, 8, 9, 9.5], "texture": "#0"},
				"west": {"uv": [9, 8, 10.5, 9.5], "texture": "#0"},
				"up": {"uv": [4.5, 11, 3, 9.5], "texture": "#0"},
				"down": {"uv": [6, 9.5, 4.5, 11], "texture": "#0"}
			}
		}
	],
	"groups": [
		{
			"name": "group",
			"origin": [-4.5, 18.1, 8.01421],
			"color": 0,
			"children": [0, 1, 2, 3, 4, 5, 6, 7]
		}
	]
}