{
	"credit": "Made with Blockbench",
	"texture_size": [64, 64],
	"textures": {
		"0": "block/custom/3"
	},
	"elements": [
		{
			"from": [7.5, 0, -5],
			"to": [8.5, 24, -4],
			"rotation": {"angle": 0, "axis": "y", "origin": [8, 12, -4.5]},
			"faces": {
				"north": {"uv": [12, 0, 12.5, 12], "texture": "#0"},
				"east": {"uv": [12.5, 0, 13, 12], "texture": "#0"},
				"south": {"uv": [12, 0, 12.5, 12], "texture": "#0"},
				"west": {"uv": [12.5, 0, 13, 12], "texture": "#0"}
			}
		},
		{
			"from": [7.5, 11.5, -4],
			"to": [8.5, 12.5, 20],
			"rotation": {"angle": 0, "axis": "x", "origin": [8, 12, 8]},
			"faces": {
				"east": {"uv": [12.5, 0, 13, 12], "rotation": 270, "texture": "#0"},
				"west": {"uv": [12.5, 0, 13, 12], "rotation": 90, "texture": "#0"},
				"up": {"uv": [12, 0, 12.5, 12], "rotation": 180, "texture": "#0"},
				"down": {"uv": [12, 0, 12.5, 12], "texture": "#0"}
			}
		},
		{
			"from": [7.5, 23, -4],
			"to": [8.5, 24, 20],
			"rotation": {"angle": 0, "axis": "x", "origin": [8, 23.5, 4]},
			"faces": {
				"east": {"uv": [12.5, 0, 13, 12], "rotation": 90, "texture": "#0"},
				"west": {"uv": [12, 0, 12.5, 12], "rotation": 270, "texture": "#0"},
				"up": {"uv": [12.5, 0, 13, 12], "texture": "#0"},
				"down": {"uv": [12, 0, 12.5, 12], "rotation": 180, "texture": "#0"}
			}
		},
		{
			"from": [7.29558, 23.41337, 19.9875],
			"to": [8.29558, 29.41337, 20.9875],
			"rotation": {"angle": 45, "axis": "z", "origin": [7.79558, 23.91337, 20.4875]},
			"faces": {
				"north": {"uv": [12, 9, 12.5, 12], "texture": "#0"},
				"east": {"uv": [12.5, 9, 13, 12], "texture": "#0"},
				"south": {"uv": [12, 9, 12.5, 12], "texture": "#0"},
				"west": {"uv": [12.5, 9, 13, 12], "texture": "#0"},
				"up": {"uv": [13, 0, 13.5, 0.5], "texture": "#0"},
				"down": {"uv": [13, 0, 13.5, 0.5], "texture": "#0"}
			}
		},
		{
			"from": [7.29558, 23.43837, -4.9875],
			"to": [8.29558, 29.43837, -3.9875],
			"rotation": {"angle": 45, "axis": "z", "origin": [7.79558, 23.93837, -4.4875]},
			"faces": {
				"north": {"uv": [12, 9, 12.5, 12], "texture": "#0"},
				"east": {"uv": [12.5, 9, 13, 12], "texture": "#0"},
				"south": {"uv": [12, 9, 12.5, 12], "texture": "#0"},
				"west": {"uv": [12.5, 9, 13, 12], "texture": "#0"},
				"up": {"uv": [13, 0, 13.5, 0.5], "texture": "#0"},
				"down": {"uv": [13, 0, 13.5, 0.5], "texture": "#0"}
			}
		},
		{
			"from": [7.5, 0, 20],
			"to": [8.5, 24, 21],
			"rotation": {"angle": 0, "axis": "y", "origin": [7.5, 8, 20]},
			"faces": {
				"north": {"uv": [12, 0, 12.5, 12], "texture": "#0"},
				"east": {"uv": [12.5, 0, 13, 12], "texture": "#0"},
				"south": {"uv": [12, 0, 12.5, 12], "texture": "#0"},
				"west": {"uv": [12.5, 0, 13, 12], "texture": "#0"}
			}
		},
		{
			"from": [8, 0, -4],
			"to": [8, 24, 20],
			"rotation": {"angle": 0, "axis": "y", "origin": [7.5, 8, 16]},
			"faces": {
				"north": {"uv": [0, 0, 0, 4], "texture": "#missing"},
				"east": {"uv": [12, 0, 0, 12], "texture": "#0"},
				"south": {"uv": [0, 0, 0, 4], "texture": "#missing"},
				"west": {"uv": [0, 0, 12, 12], "texture": "#0"},
				"up": {"uv": [0, 0, 0, 4], "texture": "#missing"},
				"down": {"uv": [0, 0, 0, 4], "texture": "#missing"}
			}
		},
		{
			"from": [4.22794, 27.4239, -3.9875],
			"to": [4.27794, 27.4739, 20.0125],
			"rotation": {"angle": 0, "axis": "y", "origin": [3.55294, 25.4739, -3.9875]},
			"faces": {
				"north": {"uv": [0, 0, 0.0125, 0.25], "texture": "#0"},
				"east": {"uv": [0, 0, 0.25, 0.25], "texture": "#0"},
				"south": {"uv": [0, 0, 0.0125, 0.0125], "texture": "#0"},
				"west": {"uv": [0, 0, 0.25, 0.0125], "texture": "#0"},
				"up": {"uv": [0, 0, 0.25, 0.25], "texture": "#0"},
				"down": {"uv": [0, 0, 0.25, 0.25], "texture": "#0"}
			}
		},
		{
			"from": [5.22794, 26.4239, -3.9875],
			"to": [5.27794, 26.4739, 20.0125],
			"rotation": {"angle": 0, "axis": "y", "origin": [4.55294, 24.4739, -3.9875]},
			"faces": {
				"north": {"uv": [0, 0, 0.0125, 0.25], "texture": "#0"},
				"east": {"uv": [0, 0, 0.25, 0.25], "texture": "#0"},
				"south": {"uv": [0, 0, 0.0125, 0.0125], "texture": "#0"},
				"west": {"uv": [0, 0, 0.25, 0.0125], "texture": "#0"},
				"up": {"uv": [0, 0, 0.25, 0.25], "texture": "#0"},
				"down": {"uv": [0, 0, 0.25, 0.25], "texture": "#0"}
			}
		},
		{
			"from": [6.22794, 25.4239, -3.9875],
			"to": [6.27794, 25.4739, 20.0125],
			"rotation": {"angle": 0, "axis": "y", "origin": [5.55294, 23.4739, -3.9875]},
			"faces": {
				"north": {"uv": [0, 0, 0.0125, 0.25], "texture": "#0"},
				"east": {"uv": [0, 0, 0.25, 0.25], "texture": "#0"},
				"south": {"uv": [0, 0, 0.0125, 0.0125], "texture": "#0"},
				"west": {"uv": [0, 0, 0.25, 0.0125], "texture": "#0"},
				"up": {"uv": [0, 0, 0.25, 0.25], "texture": "#0"},
				"down": {"uv": [0, 0, 0.25, 0.25], "texture": "#0"}
			}
		}
	],
	"groups": [
		{
			"name": "bone",
			"origin": [8, 0, 8],
			"color": 0,
			"children": [0, 1, 2, 3, 4, 5, 6]
		},
		7,
		8,
		9
	]
}