{
	"credit": "Made with Blockbench",
	"texture_size": [64, 64],
	"textures": {
		"0": "block/custom/6",
		"particle": "block/custom/6"
	},
	"elements": [
		{
			"from": [-16, -16, 6],
			"to": [-13, 13, 9],
			"rotation": {"angle": 0, "axis": "y", "origin": [-16, 0, 7]},
			"faces": {
				"north": {"uv": [0, 8.75, 0.75, 16], "texture": "#0"},
				"east": {"uv": [0.75, 8.75, 1.5, 16], "texture": "#0"},
				"south": {"uv": [0, 8.75, 0.75, 16], "texture": "#0"},
				"west": {"uv": [0.75, 8.75, 1.5, 16], "texture": "#0"},
				"up": {"uv": [2.25, 9.75, 1.5, 9], "texture": "#0"}
			}
		},
		{
			"from": [-15.75, 13, 6.25],
			"to": [-13.25, 13.5, 8.75],
			"rotation": {"angle": 0, "axis": "y", "origin": [-16, 0, 7]},
			"faces": {
				"north": {"uv": [7.5, 9, 8.25, 9.25], "texture": "#0"},
				"east": {"uv": [8.25, 9, 9, 9.25], "texture": "#0"},
				"south": {"uv": [9, 9, 9.75, 9.25], "texture": "#0"},
				"west": {"uv": [7.5, 9.25, 8.25, 9.5], "texture": "#0"},
				"up": {"uv": [3, 9.75, 2.25, 9], "texture": "#0"},
				"down": {"uv": [0, 0, 0.625, 0.625], "texture": "#missing"}
			}
		},
		{
			"from": [29.25, 13, 6.25],
			"to": [31.75, 13.5, 8.75],
			"rotation": {"angle": 0, "axis": "y", "origin": [29, 0, 7]},
			"faces": {
				"north": {"uv": [7.5, 9, 8.25, 9.25], "texture": "#0"},
				"east": {"uv": [8.25, 9, 9, 9.25], "texture": "#0"},
				"south": {"uv": [9, 9, 9.75, 9.25], "texture": "#0"},
				"west": {"uv": [7.5, 9.25, 8.25, 9.5], "texture": "#0"},
				"up": {"uv": [3, 9.75, 2.25, 9], "texture": "#0"}
			}
		},
		{
			"from": [29.25, 13.5, 6.25],
			"to": [31.75, 16, 8.75],
			"rotation": {"angle": -45, "axis": "y", "origin": [30.5, 14.75, 7.5]},
			"faces": {
				"north": {"uv": [3, 9, 3.75, 9.75], "texture": "#0"},
				"east": {"uv": [3.75, 9, 4.5, 9.75], "texture": "#0"},
				"south": {"uv": [4.5, 9, 5.25, 9.75], "texture": "#0"},
				"west": {"uv": [5.25, 9, 6, 9.75], "texture": "#0"},
				"up": {"uv": [6.75, 9.75, 6, 9], "texture": "#0"},
				"down": {"uv": [7.5, 9, 6.75, 9.75], "texture": "#0"}
			}
		},
		{
			"from": [-15.75, 13.5, 6.25],
			"to": [-13.25, 16, 8.75],
			"rotation": {"angle": -45, "axis": "y", "origin": [-14.5, 14.75, 7.5]},
			"faces": {
				"north": {"uv": [3, 9, 3.75, 9.75], "texture": "#0"},
				"east": {"uv": [3.75, 9, 4.5, 9.75], "texture": "#0"},
				"south": {"uv": [4.5, 9, 5.25, 9.75], "texture": "#0"},
				"west": {"uv": [5.25, 9, 6, 9.75], "texture": "#0"},
				"up": {"uv": [6.75, 9.75, 6, 9], "texture": "#0"},
				"down": {"uv": [7.5, 9, 6.75, 9.75], "texture": "#0"}
			}
		},
		{
			"from": [-13, -16, 6],
			"to": [29, -15, 9],
			"rotation": {"angle": 0, "axis": "y", "origin": [-13, 0, 7]},
			"faces": {
				"north": {"uv": [1.5, 8.75, 12, 9], "texture": "#0"},
				"south": {"uv": [1.5, 8.75, 12, 9], "texture": "#0"},
				"up": {"uv": [10.5, 8.75, 0, 8], "texture": "#0"}
			}
		},
		{
			"from": [29, -16, 6],
			"to": [32, 13, 9],
			"rotation": {"angle": 0, "axis": "y", "origin": [29, 0, 7]},
			"faces": {
				"north": {"uv": [0, 8.75, 0.75, 16], "texture": "#0"},
				"east": {"uv": [0.75, 8.75, 1.5, 16], "texture": "#0"},
				"south": {"uv": [0, 8.75, 0.75, 16], "texture": "#0"},
				"west": {"uv": [0.75, 8.75, 1.5, 16], "texture": "#0"},
				"up": {"uv": [2.25, 9.75, 1.5, 9], "texture": "#0"}
			}
		},
		{
			"from": [-13, 0, 7.5],
			"to": [29, 32, 7.5],
			"rotation": {"angle": 0, "axis": "y", "origin": [-8.5, 41, 7.5]},
			"faces": {
				"north": {"uv": [0, 0, 10.5, 8], "texture": "#0"},
				"south": {"uv": [0, 0, 10.5, 8], "texture": "#0"}
			}
		}
	],
	"groups": [
		{
			"name": "bone",
			"origin": [0, 16, 0],
			"color": 0,
			"children": [0, 1, 2, 3, 4, 5, 6, 7]
		}
	]
}