{
	"credit": "Made with Blockbench",
	"texture_size": [32, 32],
	"textures": {
		"0": "block/custom/gerlanda",
		"particle": "block/custom/gerlanda"
	},
	"elements": [
		{
			"name": "gerlandy",
			"from": [-8, 0, 7],
			"to": [24, 16, 7],
			"rotation": {"angle": 0, "axis": "x", "origin": [8, 8, 7]},
			"faces": {
				"north": {"uv": [16, 0, 0, 8], "texture": "#0"},
				"east": {"uv": [0, 0, 0, 8], "texture": "#0"},
				"south": {"uv": [0, 0, 16, 8], "texture": "#0"},
				"west": {"uv": [0, 0, 0, 8], "texture": "#0"},
				"up": {"uv": [16, 0, 0, 0], "texture": "#0"},
				"down": {"uv": [16, 0, 0, 0], "texture": "#0"}
			}
		}
	]
}