{
	"credit": "Made with Blockbench",
	"texture_size": [64, 64],
	"textures": {
		"1": "block/spruce_planks",
		"11": "block/custom/windows",
		"particle": "block/custom/windows"
	},
	"elements": [
		{
			"from": [-8, 0, 7],
			"to": [24, 2, 9],
			"rotation": {"angle": 0, "axis": "y", "origin": [0, -16, -23]},
			"faces": {
				"north": {"uv": [0, 2, 8, 2.5], "texture": "#11"},
				"east": {"uv": [6.5, 5.5, 7, 6], "texture": "#11"},
				"south": {"uv": [0, 2.5, 8, 3], "texture": "#11"},
				"west": {"uv": [6, 6.5, 6.5, 7], "texture": "#11"},
				"up": {"uv": [8, 3.5, 0, 3], "texture": "#11"},
				"down": {"uv": [8, 3.5, 0, 4], "texture": "#11"}
			}
		},
		{
			"from": [-8, 30, 7],
			"to": [24, 32, 9],
			"rotation": {"angle": 0, "axis": "y", "origin": [0, 0, -23]},
			"faces": {
				"north": {"uv": [0, 0, 8, 0.5], "texture": "#11"},
				"east": {"uv": [6, 6, 6.5, 6.5], "texture": "#11"},
				"south": {"uv": [0, 0.5, 8, 1], "texture": "#11"},
				"west": {"uv": [6.5, 4, 7, 4.5], "texture": "#11"},
				"up": {"uv": [8, 1.5, 0, 1], "texture": "#11"},
				"down": {"uv": [8, 1.5, 0, 2], "texture": "#11"}
			}
		},
		{
			"from": [-8, 2, 7],
			"to": [-6, 30, 9],
			"rotation": {"angle": 0, "axis": "y", "origin": [0, -2, -23]},
			"faces": {
				"north": {"uv": [1, 4, 1.5, 11], "texture": "#11"},
				"east": {"uv": [2.5, 4, 3, 11], "texture": "#11"},
				"south": {"uv": [3, 4, 3.5, 11], "texture": "#11"},
				"west": {"uv": [3.5, 4, 4, 11], "texture": "#11"},
				"up": {"uv": [6.5, 5.5, 6, 5], "texture": "#11"},
				"down": {"uv": [6.5, 5.5, 6, 6], "texture": "#11"}
			}
		},
		{
			"from": [22, 2, 7],
			"to": [24, 30, 9],
			"rotation": {"angle": 0, "axis": "y", "origin": [0, -2, -23]},
			"faces": {
				"north": {"uv": [1, 4, 1.5, 11], "texture": "#11"},
				"east": {"uv": [4.5, 4, 5, 11], "texture": "#11"},
				"south": {"uv": [5, 4, 5.5, 11], "texture": "#11"},
				"west": {"uv": [5.5, 4.5, 6, 11], "texture": "#11"},
				"up": {"uv": [7, 5, 6.5, 4.5], "texture": "#11"},
				"down": {"uv": [7, 5, 6.5, 5.5], "texture": "#11"}
			}
		},
		{
			"from": [7, 2, 7],
			"to": [9, 30, 9],
			"rotation": {"angle": 0, "axis": "y", "origin": [0, -2, -23]},
			"faces": {
				"north": {"uv": [1, 4, 1.5, 11], "texture": "#11"},
				"east": {"uv": [0.5, 4, 1, 11], "texture": "#11"},
				"south": {"uv": [1, 4, 1.5, 11], "texture": "#11"},
				"west": {"uv": [1.5, 4, 2, 11], "texture": "#11"},
				"up": {"uv": [6.5, 4.5, 6, 4], "texture": "#11"},
				"down": {"uv": [6.5, 4.5, 6, 5], "texture": "#11"}
			}
		},
		{
			"from": [-6, 2, 8],
			"to": [7, 30, 8],
			"rotation": {"angle": 0, "axis": "y", "origin": [0, -2, -24]},
			"faces": {
				"north": {"uv": [8, 0, 11.25, 7], "texture": "#11"},
				"east": {"uv": [0, 0, 0, 4], "texture": "#11"},
				"south": {"uv": [8, 0, 11.25, 7], "texture": "#11"},
				"west": {"uv": [0, 0, 0, 4], "texture": "#11"},
				"up": {"uv": [0, 0, 3.25, 0], "texture": "#11"},
				"down": {"uv": [0, 0, 3.25, 0], "texture": "#11"}
			}
		},
		{
			"from": [9, 2, 8],
			"to": [22, 30, 8],
			"rotation": {"angle": 0, "axis": "y", "origin": [0, -2, -24]},
			"faces": {
				"north": {"uv": [8, 0, 11.25, 7], "texture": "#11"},
				"east": {"uv": [0, 0, 0, 4], "texture": "#11"},
				"south": {"uv": [8, 0, 11.25, 7], "texture": "#11"},
				"west": {"uv": [0, 0, 0, 4], "texture": "#11"},
				"up": {"uv": [0, 0, 3.25, 0], "texture": "#11"},
				"down": {"uv": [0, 0, 3.25, 0], "texture": "#11"}
			}
		},
		{
			"from": [-7.975, 0, -1],
			"to": [-7.975, 16, 15],
			"rotation": {"angle": 0, "axis": "y", "origin": [-7.975, 0, -1]},
			"faces": {
				"east": {"uv": [0, 0, 16, 16], "texture": "#1"}
			}
		},
		{
			"from": [-7.975, 16, -1],
			"to": [-7.975, 32, 15],
			"rotation": {"angle": 0, "axis": "y", "origin": [-7.975, 16, -1]},
			"faces": {
				"east": {"uv": [0, 0, 16, 16], "texture": "#1"}
			}
		},
		{
			"from": [23.975, 0, -1],
			"to": [23.975, 16, 15],
			"rotation": {"angle": 0, "axis": "y", "origin": [23.975, 0, 15]},
			"faces": {
				"west": {"uv": [0, 0, 16, 16], "texture": "#1"}
			}
		},
		{
			"from": [23.975, 16, -1],
			"to": [23.975, 32, 15],
			"rotation": {"angle": 0, "axis": "y", "origin": [23.975, 16, 15]},
			"faces": {
				"west": {"uv": [0, 0, 16, 16], "texture": "#1"}
			}
		},
		{
			"from": [8, 31.975, -1],
			"to": [24, 31.975, 15],
			"rotation": {"angle": 0, "axis": "z", "origin": [24, 31.975, 15]},
			"faces": {
				"down": {"uv": [0, 0, 16, 16], "rotation": 270, "texture": "#1"}
			}
		},
		{
			"from": [-8, 31.975, -1],
			"to": [8, 31.975, 15],
			"rotation": {"angle": 0, "axis": "y", "origin": [8, 31.975, 15]},
			"faces": {
				"down": {"uv": [0, 0, 16, 16], "rotation": 270, "texture": "#1"}
			}
		},
		{
			"from": [8, 0.025, -1],
			"to": [24, 0.025, 15],
			"rotation": {"angle": 0, "axis": "y", "origin": [24, 0.025, 15]},
			"faces": {
				"up": {"uv": [0, 0, 16, 16], "texture": "#1"}
			}
		},
		{
			"from": [-8, 0.025, -1],
			"to": [8, 0.025, 15],
			"rotation": {"angle": 0, "axis": "y", "origin": [8, 0.025, 15]},
			"faces": {
				"up": {"uv": [0, 0, 16, 16], "texture": "#1"}
			}
		}
	]
}