{
	"credit": "Made with Blockbench",
	"texture_size": [32, 32],
	"textures": {
		"0": "block/custom/zamok",
		"1": "block/custom/1126",
		"particle": "block/custom/zamok"
	},
	"elements": [
		{
			"from": [1.85, 0.2425, 10.255],
			"to": [5.15, 3.5425, 11.245],
			"rotation": {"angle": 45, "axis": "y", "origin": [3.5, 3.625, 10.75]},
			"faces": {
				"north": {"uv": [0, 0, 5, 5], "texture": "#0"},
				"east": {"uv": [5, 0, 6.5, 5], "texture": "#0"},
				"south": {"uv": [0, 5, 5, 10], "texture": "#0"},
				"west": {"uv": [5, 5, 6.5, 10], "texture": "#0"},
				"up": {"uv": [11.5, 1.5, 6.5, 0], "texture": "#0"},
				"down": {"uv": [11.5, 1.5, 6.5, 3], "texture": "#0"}
			}
		},
		{
			"from": [4.49, 3.5425, 10.585],
			"to": [4.82, 5.1925, 10.915],
			"rotation": {"angle": 45, "axis": "y", "origin": [3.5, 3.625, 10.75]},
			"faces": {
				"north": {"uv": [6.5, 5, 7, 7.5], "texture": "#0"},
				"east": {"uv": [7, 5, 7.5, 7.5], "texture": "#0"},
				"south": {"uv": [7.5, 5, 8, 7.5], "texture": "#0"},
				"west": {"uv": [6.5, 7.5, 7, 10], "texture": "#0"},
				"up": {"uv": [9, 8.5, 8.5, 8], "texture": "#0"},
				"down": {"uv": [9, 8.5, 8.5, 9], "texture": "#0"}
			}
		},
		{
			"from": [2.18, 3.5425, 10.585],
			"to": [2.51, 5.1925, 10.915],
			"rotation": {"angle": 45, "axis": "y", "origin": [3.5, 3.625, 10.75]},
			"faces": {
				"north": {"uv": [7, 7.5, 7.5, 10], "texture": "#0"},
				"east": {"uv": [7.5, 7.5, 8, 10], "texture": "#0"},
				"south": {"uv": [8, 5, 8.5, 7.5], "texture": "#0"},
				"west": {"uv": [8, 7.5, 8.5, 10], "texture": "#0"},
				"up": {"uv": [9.5, 5.5, 9, 5], "texture": "#0"},
				"down": {"uv": [9.5, 5.5, 9, 6], "texture": "#0"}
			}
		},
		{
			"from": [2.51, 5.1925, 10.585],
			"to": [4.49, 5.5225, 10.915],
			"rotation": {"angle": 45, "axis": "y", "origin": [3.5, 3.625, 10.75]},
			"faces": {
				"north": {"uv": [6.5, 3, 9.5, 3.5], "texture": "#0"},
				"east": {"uv": [9, 6, 9.5, 6.5], "texture": "#0"},
				"south": {"uv": [6.5, 3.5, 9.5, 4], "texture": "#0"},
				"west": {"uv": [9, 6.5, 9.5, 7], "texture": "#0"},
				"up": {"uv": [9.5, 4.5, 6.5, 4], "texture": "#0"},
				"down": {"uv": [9.5, 4.5, 6.5, 5], "texture": "#0"}
			}
		},
		{
			"from": [4.16, 4.8625, 10.585],
			"to": [4.49, 5.1925, 10.915],
			"rotation": {"angle": 45, "axis": "y", "origin": [3.5, 3.625, 10.75]},
			"faces": {
				"north": {"uv": [9, 7, 9.5, 7.5], "texture": "#0"},
				"east": {"uv": [9, 7.5, 9.5, 8], "texture": "#0"},
				"south": {"uv": [9, 8, 9.5, 8.5], "texture": "#0"},
				"west": {"uv": [8.5, 9, 9, 9.5], "texture": "#0"},
				"up": {"uv": [9.5, 9, 9, 8.5], "texture": "#0"},
				"down": {"uv": [9.5, 9, 9, 9.5], "texture": "#0"}
			}
		},
		{
			"from": [2.51, 4.8625, 10.585],
			"to": [2.84, 5.1925, 10.915],
			"rotation": {"angle": 45, "axis": "y", "origin": [3.5, 3.625, 10.75]},
			"faces": {
				"north": {"uv": [8.5, 5, 9, 5.5], "texture": "#0"},
				"east": {"uv": [8.5, 5.5, 9, 6], "texture": "#0"},
				"south": {"uv": [8.5, 6, 9, 6.5], "texture": "#0"},
				"west": {"uv": [8.5, 6.5, 9, 7], "texture": "#0"},
				"up": {"uv": [9, 7.5, 8.5, 7], "texture": "#0"},
				"down": {"uv": [9, 7.5, 8.5, 8], "texture": "#0"}
			}
		},
		{
			"from": [3.83, 3.2025, -1.005],
			"to": [14.39, 3.2025, 14.175],
			"rotation": {"angle": -22.5, "axis": "x", "origin": [9.11, 3.2025, 6.585]},
			"faces": {
				"up": {"uv": [8, 11.5, 0, 0], "texture": "#1"},
				"down": {"uv": [8, 11.5, 0, 0], "texture": "#1"}
			}
		}
	]
}