{
	"credit": "Made by Falanta Fantomo with Blockbench",
	"texture_size": [64, 64],
	"textures": {
		"0": "block/custom/suitcase",
		"particle": "block/custom/suitcase"
	},
	"elements": [
		{
			"from": [-16, 0, 30],
			"to": [-14, 8, 32],
			"rotation": {"angle": 0, "axis": "y", "origin": [-16, 0, 30]},
			"faces": {
				"north": {"uv": [8, 0, 9, 4], "texture": "#0"},
				"east": {"uv": [8.5, 0, 9.5, 4], "texture": "#0"},
				"south": {"uv": [8, 0, 9, 4], "texture": "#0"},
				"west": {"uv": [8.5, 0, 9.5, 4], "texture": "#0"}
			}
		},
		{
			"from": [30, 0, 30],
			"to": [32, 8, 32],
			"rotation": {"angle": 0, "axis": "y", "origin": [30, 0, 30]},
			"faces": {
				"north": {"uv": [8, 0, 9, 4], "texture": "#0"},
				"east": {"uv": [8.5, 0, 9.5, 4], "texture": "#0"},
				"south": {"uv": [8, 0, 9, 4], "texture": "#0"},
				"west": {"uv": [8.5, 0, 9.5, 4], "texture": "#0"}
			}
		},
		{
			"from": [-16, -8, 30],
			"to": [-14, 0, 32],
			"rotation": {"angle": 0, "axis": "y", "origin": [-16, -8, 30]},
			"faces": {
				"north": {"uv": [8, 0, 9, 4], "texture": "#0"},
				"east": {"uv": [8.5, 0, 9.5, 4], "texture": "#0"},
				"south": {"uv": [8, 0, 9, 4], "texture": "#0"},
				"west": {"uv": [8.5, 0, 9.5, 4], "texture": "#0"}
			}
		},
		{
			"from": [30, -8, 30],
			"to": [32, 0, 32],
			"rotation": {"angle": 0, "axis": "y", "origin": [30, -8, 30]},
			"faces": {
				"north": {"uv": [8, 0, 9, 4], "texture": "#0"},
				"east": {"uv": [8.5, 0, 9.5, 4], "texture": "#0"},
				"south": {"uv": [8, 0, 9, 4], "texture": "#0"},
				"west": {"uv": [8.5, 0, 9.5, 4], "texture": "#0"}
			}
		},
		{
			"from": [-16, 16, 30],
			"to": [-14, 24, 32],
			"rotation": {"angle": 0, "axis": "y", "origin": [-16, 16, 30]},
			"faces": {
				"north": {"uv": [8, 0, 9, 4], "texture": "#0"},
				"east": {"uv": [8.5, 0, 9.5, 4], "texture": "#0"},
				"south": {"uv": [8, 0, 9, 4], "texture": "#0"},
				"west": {"uv": [8.5, 0, 9.5, 4], "texture": "#0"}
			}
		},
		{
			"from": [30, 16, 30],
			"to": [32, 24, 32],
			"rotation": {"angle": 0, "axis": "y", "origin": [30, 16, 30]},
			"faces": {
				"north": {"uv": [8, 0, 9, 4], "texture": "#0"},
				"east": {"uv": [8.5, 0, 9.5, 4], "texture": "#0"},
				"south": {"uv": [8, 0, 9, 4], "texture": "#0"},
				"west": {"uv": [8.5, 0, 9.5, 4], "texture": "#0"}
			}
		},
		{
			"from": [22, 22, 30],
			"to": [30, 24, 32],
			"rotation": {"angle": 0, "axis": "z", "origin": [30, 22, 30]},
			"faces": {
				"north": {"uv": [8, 0, 9, 4], "rotation": 90, "texture": "#0"},
				"south": {"uv": [8, 0, 9, 4], "rotation": 270, "texture": "#0"},
				"up": {"uv": [8.5, 0, 9.5, 4], "rotation": 270, "texture": "#0"},
				"down": {"uv": [8.5, 0, 9.5, 4], "rotation": 270, "texture": "#0"}
			}
		},
		{
			"from": [14, 22, 30],
			"to": [22, 24, 32],
			"rotation": {"angle": 0, "axis": "y", "origin": [22, 22, 30]},
			"faces": {
				"north": {"uv": [8, 0, 9, 4], "rotation": 90, "texture": "#0"},
				"south": {"uv": [8, 0, 9, 4], "rotation": 270, "texture": "#0"},
				"up": {"uv": [8.5, 0, 9.5, 4], "rotation": 270, "texture": "#0"},
				"down": {"uv": [8.5, 0, 9.5, 4], "rotation": 270, "texture": "#0"}
			}
		},
		{
			"from": [6, 22, 30],
			"to": [14, 24, 32],
			"rotation": {"angle": 0, "axis": "y", "origin": [14, 22, 30]},
			"faces": {
				"north": {"uv": [8, 0, 9, 4], "rotation": 90, "texture": "#0"},
				"south": {"uv": [8, 0, 9, 4], "rotation": 270, "texture": "#0"},
				"up": {"uv": [8.5, 0, 9.5, 4], "rotation": 270, "texture": "#0"},
				"down": {"uv": [8.5, 0, 9.5, 4], "rotation": 270, "texture": "#0"}
			}
		},
		{
			"from": [-6, 22, 30],
			"to": [2, 24, 32],
			"rotation": {"angle": 0, "axis": "y", "origin": [2, 22, 30]},
			"faces": {
				"north": {"uv": [8, 0, 9, 4], "rotation": 90, "texture": "#0"},
				"south": {"uv": [8, 0, 9, 4], "rotation": 270, "texture": "#0"},
				"up": {"uv": [8.5, 0, 9.5, 4], "rotation": 270, "texture": "#0"},
				"down": {"uv": [8.5, 0, 9.5, 4], "rotation": 270, "texture": "#0"}
			}
		},
		{
			"from": [2, 22, 30],
			"to": [6, 24, 32],
			"rotation": {"angle": 0, "axis": "y", "origin": [10, 22, 30]},
			"faces": {
				"north": {"uv": [8, 0, 9, 2], "rotation": 90, "texture": "#0"},
				"south": {"uv": [8, 0, 9, 2], "rotation": 270, "texture": "#0"},
				"up": {"uv": [8.5, 0, 9.5, 2], "rotation": 270, "texture": "#0"},
				"down": {"uv": [8.5, 0, 9.5, 2], "rotation": 270, "texture": "#0"}
			}
		},
		{
			"from": [-14, 22, 30],
			"to": [-6, 24, 32],
			"rotation": {"angle": 0, "axis": "y", "origin": [-6, 22, 30]},
			"faces": {
				"north": {"uv": [8, 0, 9, 4], "rotation": 90, "texture": "#0"},
				"south": {"uv": [8, 0, 9, 4], "rotation": 270, "texture": "#0"},
				"up": {"uv": [8.5, 0, 9.5, 4], "rotation": 270, "texture": "#0"},
				"down": {"uv": [8.5, 0, 9.5, 4], "rotation": 270, "texture": "#0"}
			}
		},
		{
			"from": [-16, 8, 30],
			"to": [-14, 16, 32],
			"rotation": {"angle": 0, "axis": "y", "origin": [-16, 8, 30]},
			"faces": {
				"north": {"uv": [8, 0, 9, 4], "texture": "#0"},
				"east": {"uv": [8.5, 0, 9.5, 4], "texture": "#0"},
				"south": {"uv": [8, 0, 9, 4], "texture": "#0"},
				"west": {"uv": [8.5, 0, 9.5, 4], "texture": "#0"}
			}
		},
		{
			"from": [30, 8, 30],
			"to": [32, 16, 32],
			"rotation": {"angle": 0, "axis": "y", "origin": [30, 8, 30]},
			"faces": {
				"north": {"uv": [8, 0, 9, 4], "texture": "#0"},
				"east": {"uv": [8.5, 0, 9.5, 4], "texture": "#0"},
				"south": {"uv": [8, 0, 9, 4], "texture": "#0"},
				"west": {"uv": [8.5, 0, 9.5, 4], "texture": "#0"}
			}
		},
		{
			"from": [30, -16, 30],
			"to": [32, -8, 32],
			"rotation": {"angle": 0, "axis": "y", "origin": [30, -16, 30]},
			"faces": {
				"north": {"uv": [8, 0, 9, 4], "texture": "#0"},
				"east": {"uv": [8.5, 0, 9.5, 4], "texture": "#0"},
				"south": {"uv": [8, 0, 9, 4], "texture": "#0"},
				"west": {"uv": [8.5, 0, 9.5, 4], "texture": "#0"}
			}
		},
		{
			"from": [-16, -16, 30],
			"to": [-14, -8, 32],
			"rotation": {"angle": 0, "axis": "y", "origin": [-16, -16, 30]},
			"faces": {
				"north": {"uv": [8, 0, 9, 4], "texture": "#0"},
				"east": {"uv": [8.5, 0, 9.5, 4], "texture": "#0"},
				"south": {"uv": [8, 0, 9, 4], "texture": "#0"},
				"west": {"uv": [8.5, 0, 9.5, 4], "texture": "#0"}
			}
		},
		{
			"from": [-14, -16, 32],
			"to": [30, 22, 32],
			"rotation": {"angle": 0, "axis": "y", "origin": [28, 20, 30]},
			"faces": {
				"north": {"uv": [0, 15.5, 0.5, 16], "texture": "#0"}
			}
		}
	],
	"display": {
		"thirdperson_righthand": {
			"rotation": [0, 180, 90],
			"translation": [0, -2, -4.5]
		},
		"thirdperson_lefthand": {
			"rotation": [0, 180, 90],
			"translation": [0, -2, -4.5]
		},
		"firstperson_righthand": {
			"rotation": [90, 0, 90],
			"translation": [4, -7, -6]
		},
		"firstperson_lefthand": {
			"rotation": [90, 0, 90],
			"translation": [4, -7, -6]
		},
		"ground": {
			"translation": [0, 3, 0],
			"scale": [0.25, 0.25, 0.25]
		},
		"gui": {
			"rotation": [105, 0, -40],
			"translation": [0, -0.5, 0]
		},
		"fixed": {
			"translation": [0, 0, -8],
			"scale": [2, 2, 2]
		}
	}
}