{
	"credit": "Made with Blockbench",
	"texture_size": [64, 64],
	"textures": {
		"0": "block/custom/portel",
		"particle": "block/custom/portel"
	},
	"elements": [
		{
			"from": [2, 0, 2.5],
			"to": [15, 16, 3],
			"rotation": {"angle": 0, "axis": "y", "origin": [14.75, 7.25, 3.125]},
			"faces": {
				"north": {"uv": [3.25, 3.75, 6.5, 7.5], "texture": "#0"},
				"east": {"uv": [0, 7.5, 0.25, 11.25], "texture": "#0"},
				"south": {"uv": [3.25, 0, 6.5, 3.75], "texture": "#0"},
				"west": {"uv": [0.25, 7.5, 0.5, 11.25], "texture": "#0"},
				"up": {"uv": [4.25, 7.75, 1, 7.5], "texture": "#0"},
				"down": {"uv": [10.75, 2, 7.5, 2.25], "texture": "#0"}
			}
		},
		{
			"from": [2, 0, 0],
			"to": [15, 16, 0.5],
			"rotation": {"angle": 0, "axis": "y", "origin": [7, 2, -2]},
			"faces": {
				"north": {"uv": [0, 3.75, 3.25, 7.5], "texture": "#0"},
				"east": {"uv": [0.5, 7.5, 0.75, 11.25], "texture": "#0"},
				"south": {"uv": [3.25, 3.75, 6.5, 7.5], "texture": "#0"},
				"west": {"uv": [0.75, 7.5, 1, 11.25], "texture": "#0"},
				"up": {"uv": [10.75, 2.5, 7.5, 2.25], "texture": "#0"},
				"down": {"uv": [10.75, 2.5, 7.5, 2.75], "texture": "#0"}
			}
		},
		{
			"from": [2, 0, 0.5],
			"to": [15, 1, 2.5],
			"rotation": {"angle": 0, "axis": "y", "origin": [7, 2, -1]},
			"faces": {
				"east": {"uv": [5, 7.5, 5.5, 7.75], "texture": "#0"},
				"south": {"uv": [7.5, 2.75, 10.75, 3], "texture": "#0"},
				"west": {"uv": [5.5, 7.5, 6, 7.75], "texture": "#0"},
				"up": {"uv": [9.75, 0.5, 6.5, 0], "texture": "#0"},
				"down": {"uv": [9.75, 0.5, 6.5, 1], "texture": "#0"}
			}
		},
		{
			"from": [2, 15, 0.5],
			"to": [15, 16, 2.5],
			"rotation": {"angle": 0, "axis": "y", "origin": [7, 16, -1]},
			"faces": {
				"east": {"uv": [6, 7.5, 6.5, 7.75], "texture": "#0"},
				"south": {"uv": [7.5, 3, 10.75, 3.25], "texture": "#0"},
				"west": {"uv": [7.5, 6.5, 8, 6.75], "texture": "#0"},
				"up": {"uv": [9.75, 1.5, 6.5, 1], "texture": "#0"},
				"down": {"uv": [9.75, 1.5, 6.5, 2], "texture": "#0"}
			}
		},
		{
			"from": [2, 1, 0.5],
			"to": [3, 15, 2.5],
			"rotation": {"angle": 0, "axis": "y", "origin": [7, 15, -1]},
			"faces": {
				"east": {"uv": [6.5, 2, 7, 5.25], "texture": "#0"},
				"south": {"uv": [7.5, 3.25, 7.75, 6.5], "texture": "#0"},
				"west": {"uv": [6.5, 5.25, 7, 8.5], "texture": "#0"}
			}
		},
		{
			"from": [14, 1, 0.5],
			"to": [15, 15, 2.5],
			"rotation": {"angle": 0, "axis": "y", "origin": [19, 15, -1]},
			"faces": {
				"east": {"uv": [7, 2, 7.5, 5.25], "texture": "#0"},
				"south": {"uv": [4.25, 7.5, 4.5, 10.75], "texture": "#0"},
				"west": {"uv": [7, 5.25, 7.5, 8.5], "texture": "#0"}
			}
		},
		{
			"from": [3, 6, 3],
			"to": [5, 8, 4],
			"rotation": {"angle": 0, "axis": "y", "origin": [14.75, 7.25, 3.125]},
			"faces": {
				"east": {"uv": [7.5, 6.75, 7.75, 7.25], "texture": "#0"},
				"south": {"uv": [4.5, 7.5, 5, 8], "texture": "#0"},
				"west": {"uv": [7.5, 7.25, 7.75, 7.75], "texture": "#0"},
				"up": {"uv": [1.5, 8, 1, 7.75], "texture": "#0"},
				"down": {"uv": [2, 7.75, 1.5, 8], "texture": "#0"}
			}
		}
	]
}