{
	"credit": "Made by Falanta Fantomo with Blockbench",
	"texture_size": [64, 64],
	"textures": {
		"0": "block/custom/paintings",
		"particle": "block/custom/paintings"
	},
	"elements": [
		{
			"from": [-2, -1, 7],
			"to": [18, 15, 9],
			"faces": {
				"north": {"uv": [11, 0, 16, 4], "texture": "#0"},
				"east": {"uv": [10, 0, 10.5, 4], "texture": "#0"},
				"south": {"uv": [11, 4, 16, 8], "texture": "#0"},
				"west": {"uv": [10.5, 0, 11, 4], "texture": "#0"},
				"up": {"uv": [9, 0, 9.5, 5], "rotation": 90, "texture": "#0"},
				"down": {"uv": [9.5, 0, 10, 5], "rotation": 90, "texture": "#0"}
			}
		},
		{
			"from": [0, 13, 7],
			"to": [16, 1, 8],
			"faces": {
				"east": {"uv": [11.25, 3.5, 11.5, 0.5], "texture": "#0"},
				"south": {"uv": [0, 12, 3, 16], "rotation": 90, "texture": "#0"},
				"west": {"uv": [15.5, 3.5, 15.75, 0.5], "texture": "#0"},
				"up": {"uv": [11.5, 3.5, 15.5, 3.75], "rotation": 180, "texture": "#0"},
				"down": {"uv": [11.5, 0.25, 15.5, 0.5], "rotation": 180, "texture": "#0"}
			}
		}
	],
	"display": {
		"thirdperson_righthand": {
			"rotation": [75, 45, 0],
			"translation": [0, 2.5, 0],
			"scale": [0.375, 0.375, 0.375]
		},
		"thirdperson_lefthand": {
			"rotation": [75, 45, 0],
			"translation": [0, 2.5, 0],
			"scale": [0.375, 0.375, 0.375]
		},
		"firstperson_righthand": {
			"rotation": [0, 120, 0],
			"translation": [1, 2, 0],
			"scale": [0.3, 0.3, 0.3]
		},
		"firstperson_lefthand": {
			"rotation": [0, 120, 0],
			"translation": [1, 2, 0],
			"scale": [0.3, 0.3, 0.3]
		},
		"ground": {
			"translation": [0, 3, 0],
			"scale": [0.25, 0.25, 0.25]
		},
		"gui": {
			"rotation": [10, 170, 0],
			"scale": [0.75, 0.75, 0.75]
		},
		"fixed": {
			"translation": [0, 0, -2],
			"scale": [2, 2, 2]
		}
	}
}