{
	"credit": "Made by Falanta Fantomo with Blockbench",
	"texture_size": [64, 64],
	"textures": {
		"0": "block/custom/paintings",
		"particle": "block/custom/paintings"
	},
	"elements": [
		{
			"from": [1, -2, 7],
			"to": [15, 18, 9],
			"faces": {
				"north": {"uv": [0, 0, 3.5, 5], "texture": "#0"},
				"east": {"uv": [4, 0, 4.5, 5], "texture": "#0"},
				"south": {"uv": [5.5, 0, 9, 5], "texture": "#0"},
				"west": {"uv": [3.5, 0, 4, 5], "texture": "#0"},
				"up": {"uv": [4.5, 0, 5, 3.5], "rotation": 90, "texture": "#0"},
				"down": {"uv": [5, 0, 5.5, 3.5], "rotation": 90, "texture": "#0"}
			}
		},
		{
			"from": [3, 16, 7],
			"to": [13, 0, 8],
			"faces": {
				"east": {"uv": [0.25, 4.5, 0.5, 0.5], "texture": "#0"},
				"south": {"uv": [16, 16, 13.5, 12], "texture": "#0"},
				"west": {"uv": [3, 4.5, 3.25, 0.5], "texture": "#0"},
				"up": {"uv": [3, 4.5, 0.5, 4.75], "texture": "#0"},
				"down": {"uv": [3, 0.25, 0.5, 0.5], "texture": "#0"}
			}
		}
	],
	"display": {
		"thirdperson_righthand": {
			"rotation": [75, 45, 0],
			"translation": [0, 2.5, 0],
			"scale": [0.375, 0.375, 0.375]
		},
		"thirdperson_lefthand": {
			"rotation": [75, 45, 0],
			"translation": [0, 2.5, 0],
			"scale": [0.375, 0.375, 0.375]
		},
		"firstperson_righthand": {
			"rotation": [0, 120, 0],
			"translation": [1, 2, 0],
			"scale": [0.3, 0.3, 0.3]
		},
		"firstperson_lefthand": {
			"rotation": [0, 120, 0],
			"translation": [1, 2, 0],
			"scale": [0.3, 0.3, 0.3]
		},
		"ground": {
			"translation": [0, 3, 0],
			"scale": [0.25, 0.25, 0.25]
		},
		"gui": {
			"rotation": [10, 170, 0],
			"scale": [0.75, 0.75, 0.75]
		},
		"fixed": {
			"translation": [0, 0, -2],
			"scale": [2, 2, 2]
		}
	}
}