{
	"credit": "Made with Blockbench",
	"texture_size": [64, 64],
	"textures": {
		"0": "block/custom/bed",
		"particle": "block/custom/bed"
	},
	"elements": [
		{
			"from": [0, 0, 0],
			"to": [2, 3, 2],
			"faces": {
				"north": {"uv": [10.5, 11.5, 11, 12.25], "texture": "#0"},
				"east": {"uv": [11.5, 10.5, 12, 11.25], "texture": "#0"},
				"south": {"uv": [11, 11.5, 11.5, 12.25], "texture": "#0"},
				"west": {"uv": [11.5, 11.25, 12, 12], "texture": "#0"},
				"up": {"uv": [12.5, 4.75, 12, 4.25], "texture": "#0"},
				"down": {"uv": [5, 12, 4.5, 12.5], "texture": "#0"}
			}
		},
		{
			"from": [0, 0, 14],
			"to": [2, 3, 16],
			"faces": {
				"north": {"uv": [10.5, 11.5, 11, 12.25], "texture": "#0"},
				"east": {"uv": [11.5, 10.5, 12, 11.25], "texture": "#0"},
				"south": {"uv": [11, 11.5, 11.5, 12.25], "texture": "#0"},
				"west": {"uv": [11.5, 11.25, 12, 12], "texture": "#0"},
				"up": {"uv": [12.5, 4.75, 12, 4.25], "texture": "#0"},
				"down": {"uv": [5, 12, 4.5, 12.5], "texture": "#0"}
			}
		},
		{
			"from": [30, 0, 14],
			"to": [32, 3, 16],
			"faces": {
				"north": {"uv": [10.5, 11.5, 11, 12.25], "texture": "#0"},
				"east": {"uv": [11.5, 10.5, 12, 11.25], "texture": "#0"},
				"south": {"uv": [11, 11.5, 11.5, 12.25], "texture": "#0"},
				"west": {"uv": [11.5, 11.25, 12, 12], "texture": "#0"},
				"up": {"uv": [12.5, 4.75, 12, 4.25], "texture": "#0"},
				"down": {"uv": [5, 12, 4.5, 12.5], "texture": "#0"}
			}
		},
		{
			"from": [30, 0, 0],
			"to": [32, 3, 2],
			"faces": {
				"north": {"uv": [10.5, 11.5, 11, 12.25], "texture": "#0"},
				"east": {"uv": [11.5, 10.5, 12, 11.25], "texture": "#0"},
				"south": {"uv": [11, 11.5, 11.5, 12.25], "texture": "#0"},
				"west": {"uv": [11.5, 11.25, 12, 12], "texture": "#0"},
				"up": {"uv": [12.5, 4.75, 12, 4.25], "texture": "#0"},
				"down": {"uv": [5, 12, 4.5, 12.5], "texture": "#0"}
			}
		},
		{
			"from": [0, 3, 0],
			"to": [32, 9, 16],
			"faces": {
				"north": {"uv": [8, 0, 16, 1.5], "texture": "#0"},
				"east": {"uv": [8, 3, 12, 4.5], "texture": "#0"},
				"south": {"uv": [8, 1.5, 16, 3], "texture": "#0"},
				"west": {"uv": [8, 4.5, 12, 6], "texture": "#0"},
				"up": {"uv": [8, 4, 0, 0], "texture": "#0"},
				"down": {"uv": [8, 4, 0, 8], "texture": "#0"}
			}
		},
		{
			"from": [0, 8.25, 0],
			"to": [32, 9.25, 16],
			"faces": {
				"up": {"uv": [8, 12, 0, 8], "texture": "#0"}
			}
		},
		{
			"from": [31, 9, 0],
			"to": [32, 15, 16],
			"faces": {
				"north": {"uv": [3.5, 12, 3.75, 13.5], "texture": "#0"},
				"east": {"uv": [8, 6, 12, 7.5], "texture": "#0"},
				"south": {"uv": [3.75, 12, 4, 13.5], "texture": "#0"},
				"west": {"uv": [8, 7.5, 12, 9], "texture": "#0"},
				"up": {"uv": [8.25, 15.5, 8, 11.5], "texture": "#0"},
				"down": {"uv": [8.5, 11.5, 8.25, 15.5], "texture": "#0"}
			}
		},
		{
			"from": [28.2, 10.25, 3],
			"to": [30.2, 15.25, 13],
			"rotation": {"angle": -22.5, "axis": "z", "origin": [26.5, 12, 8]},
			"faces": {
				"north": {"uv": [8.5, 11.5, 9, 12.75], "texture": "#0"},
				"east": {"uv": [8, 9, 10.5, 10.25], "texture": "#0"},
				"south": {"uv": [9, 11.5, 9.5, 12.75], "texture": "#0"},
				"west": {"uv": [8, 10.25, 10.5, 11.5], "texture": "#0"},
				"up": {"uv": [11, 11.5, 10.5, 9], "texture": "#0"},
				"down": {"uv": [11.5, 9, 11, 11.5], "texture": "#0"}
			}
		}
	],
	"display": {}
}