{
	"credit": "Made by Falanta Fantomo with Blockbench",
	"texture_size": [64, 64],
	"textures": {
		"0": "block/custom/trash_1",
		"particle": "block/custom/trash_1"
	},
	"elements": [
		{
			"from": [3, 0, 3],
			"to": [13, 10, 13],
			"rotation": {"angle": 0, "axis": "y", "origin": [8, 5, 8]},
			"faces": {
				"north": {"uv": [11, 11, 16, 16], "texture": "#0"},
				"east": {"uv": [6, 11, 11, 16], "texture": "#0"},
				"south": {"uv": [1, 11, 6, 16], "texture": "#0"},
				"west": {"uv": [11, 6, 16, 11], "texture": "#0"},
				"up": {"uv": [11, 15.5, 16, 16], "texture": "#0"},
				"down": {"uv": [11, 15.5, 16, 16], "texture": "#0"}
			}
		},
		{
			"from": [3, 10, 3.01],
			"to": [12.25, 13.8, 12.99],
			"rotation": {"angle": -22.5, "axis": "z", "origin": [3, 10, 8]},
			"faces": {
				"north": {"uv": [6, 9, 11, 11], "texture": "#0"},
				"south": {"uv": [6, 7, 11, 9], "texture": "#0"},
				"west": {"uv": [1, 9, 6, 11], "texture": "#0"},
				"up": {"uv": [11, 1, 16, 6], "texture": "#0"}
			}
		},
		{
			"from": [5.625, 14.3, 6],
			"to": [9.625, 14.3, 10],
			"rotation": {"angle": -22.5, "axis": "z", "origin": [3, 10, 8]},
			"faces": {
				"up": {"uv": [4, 7, 6, 9], "texture": "#0"},
				"down": {"uv": [4, 9, 6, 7], "texture": "#0"}
			}
		}
	]
}