{
	"credit": "Made by Falanta Fantomo with Blockbench",
	"texture_size": [64, 64],
	"textures": {
		"1": "block/custom/bottle"
	},
	"elements": [
		{
			"from": [6, 0, 6],
			"to": [10, 10, 10],
			"faces": {
				"north": {"uv": [0, 0, 4, 10], "texture": "#1"},
				"east": {"uv": [4, 0, 0, 10], "texture": "#1"},
				"south": {"uv": [0, 0, 4, 10], "texture": "#1"},
				"west": {"uv": [4, 0, 0, 10], "texture": "#1"},
				"down": {"uv": [0, 10, 4, 14], "texture": "#1"}
			}
		},
		{
			"from": [6.5, 8, 6.5],
			"to": [9.5, 16, 9.5],
			"faces": {
				"north": {"uv": [13, 0, 16, 8], "texture": "#1"},
				"east": {"uv": [16, 0, 13, 8], "texture": "#1"},
				"south": {"uv": [13, 0, 16, 8], "texture": "#1"},
				"west": {"uv": [16, 0, 13, 8], "texture": "#1"},
				"up": {"uv": [13, 8, 16, 11], "texture": "#1"}
			}
		},
		{
			"from": [7, 10, 7],
			"to": [9, 16, 9],
			"faces": {
				"north": {"uv": [0, 14, 6, 16], "rotation": 90, "texture": "#1"},
				"east": {"uv": [6, 14, 0, 16], "rotation": 90, "texture": "#1"},
				"south": {"uv": [0, 14, 6, 16], "rotation": 90, "texture": "#1"},
				"west": {"uv": [6, 14, 0, 16], "rotation": 90, "texture": "#1"}
			}
		},
		{
			"from": [6, 10, 6],
			"to": [10, 0, 10],
			"faces": {
				"north": {"uv": [0, 10, 4, 0], "texture": "#1"},
				"east": {"uv": [4, 10, 0, 0], "texture": "#1"},
				"south": {"uv": [0, 10, 4, 0], "texture": "#1"},
				"west": {"uv": [4, 10, 0, 0], "texture": "#1"},
				"up": {"uv": [0, 14, 4, 10], "texture": "#1"}
			}
		},
		{
			"from": [6.5, 16, 6.5],
			"to": [9.5, 8, 9.5],
			"faces": {
				"north": {"uv": [13, 8, 16, 0], "texture": "#1"},
				"east": {"uv": [16, 8, 13, 0], "texture": "#1"},
				"south": {"uv": [13, 8, 16, 0], "texture": "#1"},
				"west": {"uv": [16, 8, 13, 0], "texture": "#1"},
				"down": {"uv": [13, 11, 16, 8], "texture": "#1"}
			}
		},
		{
			"from": [7, 16, 7],
			"to": [9, 10, 9],
			"faces": {
				"north": {"uv": [0, 16, 6, 14], "rotation": 90, "texture": "#1"},
				"east": {"uv": [6, 16, 0, 14], "rotation": 90, "texture": "#1"},
				"south": {"uv": [0, 16, 6, 14], "rotation": 90, "texture": "#1"},
				"west": {"uv": [6, 16, 0, 14], "rotation": 90, "texture": "#1"}
			}
		}
	],
	"display": {
		"thirdperson_righthand": {
			"scale": [0.6, 0.6, 0.6]
		},
		"thirdperson_lefthand": {
			"scale": [0.6, 0.6, 0.6]
		},
		"firstperson_righthand": {
			"rotation": [-5.48, 0.45, 6.51],
			"scale": [0.6, 0.6, 0.6]
		},
		"firstperson_lefthand": {
			"rotation": [-5.48, 0.45, 6.51],
			"scale": [0.6, 0.6, 0.6]
		},
		"ground": {
			"translation": [0, 3, 0],
			"scale": [0.25, 0.25, 0.25]
		},
		"gui": {
			"rotation": [-122.79, 45.23, 135.26],
			"scale": [0.8, 0.8, 0.8]
		},
		"fixed": {
			"rotation": [-90, 0, 0],
			"translation": [0, 0, -16],
			"scale": [2, 2, 2]
		}
	},
	"groups": [
		{
			"name": "out_layer",
			"origin": [0, 0, 0],
			"color": 0,
			"nbt": "{}",
			"children": [0, 1, 2]
		},
		{
			"name": "in_layer",
			"origin": [8, 8, 8],
			"color": 0,
			"nbt": "{}",
			"children": [3, 4, 5]
		}
	]
}