{
	"credit": "Made by Falanta Fantomo with Blockbench",
	"texture_size": [64, 64],
	"textures": {
		"0": "block/custom/guitar",
		"particle": "block/custom/guitar"
	},
	"elements": [
		{
			"from": [1, -7, 6],
			"to": [4, -1, 11],
			"faces": {
				"north": {"uv": [14.5, 5.75, 16, 6.5], "rotation": 90, "texture": "#0"},
				"south": {"uv": [13.25, 13.75, 14, 15.25], "texture": "#0"},
				"west": {"uv": [10, 1.5, 11.5, 3], "rotation": 90, "texture": "#0"}
			}
		},
		{
			"from": [6.5, 5.5, 5.5],
			"to": [9.5, 23.5, 7.5],
			"faces": {
				"north": {"uv": [0.25, 0, 1, 4.5], "texture": "#0"},
				"east": {"uv": [0, 0, 0.5, 4.5], "texture": "#0"},
				"south": {"uv": [0, 4.75, 0.75, 9.25], "texture": "#0"},
				"west": {"uv": [0.75, 0, 1.25, 4.5], "texture": "#0"},
				"down": {"uv": [0.25, 4.25, 1, 4.75], "rotation": 180, "texture": "#0"}
			}
		},
		{
			"from": [6, 23.5, 5.5],
			"to": [10, 30.5, 7.5],
			"faces": {
				"north": {"uv": [1.5, 0, 2.5, 1.75], "texture": "#0"},
				"east": {"uv": [1.25, 0, 1.75, 1.75], "texture": "#0"},
				"south": {"uv": [2.75, 0, 3.75, 1.75], "texture": "#0"},
				"west": {"uv": [2.25, 0, 2.75, 1.75], "texture": "#0"},
				"up": {"uv": [1.25, 1.75, 2.25, 2.25], "texture": "#0"},
				"down": {"uv": [2.25, 1.75, 3.25, 2.25], "texture": "#0"}
			}
		},
		{
			"from": [4, -10, 6],
			"to": [12, 10, 11],
			"faces": {
				"north": {"uv": [14, 0, 16, 5], "texture": "#0"},
				"south": {"uv": [14, 11, 16, 16], "texture": "#0"},
				"up": {"uv": [10.5, 0, 12.5, 1.5], "texture": "#0"},
				"down": {"uv": [6.5, 0, 8.5, 1.5], "texture": "#0"}
			}
		},
		{
			"from": [1, -1, 6.01],
			"to": [4, 5, 10.99],
			"rotation": {"angle": -22.5, "axis": "z", "origin": [1, -1, 9]},
			"faces": {
				"north": {"uv": [14.5, 5, 16, 5.75], "rotation": 90, "texture": "#0"},
				"south": {"uv": [12.5, 14.5, 13.25, 16], "texture": "#0"},
				"west": {"uv": [11.25, 1.5, 12.75, 3], "rotation": 90, "texture": "#0"}
			}
		},
		{
			"from": [3, -1, 6],
			"to": [4, 9, 11],
			"faces": {
				"north": {"uv": [13.75, 0, 14, 2.5], "texture": "#0"},
				"south": {"uv": [13.75, 11.25, 14, 13.75], "texture": "#0"}
			}
		},
		{
			"from": [2, 5, 6],
			"to": [3, 8, 11],
			"faces": {
				"north": {"uv": [13.25, 0, 13.5, 0.75], "texture": "#0"},
				"south": {"uv": [12.5, 14, 13.25, 14.25], "rotation": 90, "texture": "#0"},
				"west": {"uv": [9.75, 0, 10.5, 1.5], "rotation": 90, "texture": "#0"}
			}
		},
		{
			"from": [2, 3, 6.02],
			"to": [3, 5, 10.98],
			"rotation": {"angle": 22.5, "axis": "z", "origin": [2, 5, 9]},
			"faces": {
				"north": {"uv": [13.5, 0.5, 13.75, 1.25], "texture": "#0"},
				"south": {"uv": [12.5, 14.25, 13.25, 14.5], "rotation": 90, "texture": "#0"},
				"west": {"uv": [12.75, 1.5, 13.25, 3], "rotation": 90, "texture": "#0"}
			}
		},
		{
			"from": [4, 7.15, 6.01],
			"to": [5, 10, 10.99],
			"rotation": {"angle": -45, "axis": "z", "origin": [4, 10, 9]},
			"faces": {
				"north": {"uv": [13.5, 0, 13.75, 0.5], "texture": "#0"},
				"south": {"uv": [12.75, 13.75, 13.25, 14], "rotation": 90, "texture": "#0"},
				"west": {"uv": [12.5, 0, 13.25, 1.5], "rotation": 90, "texture": "#0"}
			}
		},
		{
			"from": [4, -10, 6.01],
			"to": [7, -5.75, 10.99],
			"rotation": {"angle": 45, "axis": "z", "origin": [4, -10, 9]},
			"faces": {
				"north": {"uv": [14.75, 6.5, 16, 7.25], "rotation": 90, "texture": "#0"},
				"south": {"uv": [13.25, 15.25, 14, 16], "texture": "#0"},
				"west": {"uv": [8.5, 0, 9.75, 1.5], "rotation": 90, "texture": "#0"}
			}
		},
		{
			"from": [5, 24.5, 6.5],
			"to": [6, 29.5, 6.5],
			"faces": {
				"north": {"uv": [1.25, 2.25, 1.5, 3.5], "texture": "#0"},
				"south": {"uv": [1.25, 2.25, 1.5, 3.5], "texture": "#0"}
			}
		},
		{
			"from": [10, 24.5, 6.5],
			"to": [11, 29.5, 6.5],
			"rotation": {"angle": 0, "axis": "y", "origin": [16, 0, 0]},
			"faces": {
				"north": {"uv": [1.5, 2.25, 1.25, 3.5], "texture": "#0"},
				"south": {"uv": [1.5, 2.25, 1.25, 3.5], "texture": "#0"}
			}
		},
		{
			"from": [5.5, -4, 5.5],
			"to": [10.5, -3, 5.5],
			"faces": {
				"north": {"uv": [1.5, 2.25, 1.75, 3.5], "rotation": 90, "texture": "#0"},
				"south": {"uv": [1.75, 2.25, 1.5, 3.5], "rotation": 90, "texture": "#0"}
			}
		},
		{
			"from": [9, -10, 6.01],
			"to": [12, -5.75, 10.99],
			"rotation": {"angle": -45, "axis": "z", "origin": [12, -10, 9]},
			"faces": {
				"north": {"uv": [14.75, 7.25, 16, 6.5], "rotation": 90, "texture": "#0"},
				"east": {"uv": [8.5, 1.5, 9.75, 0], "rotation": 90, "texture": "#0"},
				"south": {"uv": [14, 15.25, 13.25, 16], "texture": "#0"}
			}
		},
		{
			"from": [11, 7.15, 6.01],
			"to": [12, 10, 10.99],
			"rotation": {"angle": 45, "axis": "z", "origin": [12, 10, 9]},
			"faces": {
				"north": {"uv": [13.75, 0, 13.5, 0.5], "texture": "#0"},
				"east": {"uv": [12.5, 1.5, 13.25, 0], "rotation": 90, "texture": "#0"},
				"south": {"uv": [12.75, 14, 13.25, 13.75], "rotation": 90, "texture": "#0"}
			}
		},
		{
			"from": [13, 3, 6.02],
			"to": [14, 5, 10.98],
			"rotation": {"angle": -22.5, "axis": "z", "origin": [14, 5, 9]},
			"faces": {
				"north": {"uv": [13.75, 0.5, 13.5, 1.25], "texture": "#0"},
				"east": {"uv": [12.75, 3, 13.25, 1.5], "rotation": 90, "texture": "#0"},
				"south": {"uv": [12.5, 14.5, 13.25, 14.25], "rotation": 90, "texture": "#0"}
			}
		},
		{
			"from": [13, 5, 6],
			"to": [14, 8, 11],
			"rotation": {"angle": 0, "axis": "y", "origin": [16, 0, 0]},
			"faces": {
				"north": {"uv": [13.5, 0, 13.25, 0.75], "texture": "#0"},
				"east": {"uv": [9.75, 1.5, 10.5, 0], "rotation": 90, "texture": "#0"},
				"south": {"uv": [12.5, 14.25, 13.25, 14], "rotation": 90, "texture": "#0"}
			}
		},
		{
			"from": [12, -1, 6],
			"to": [13, 9, 11],
			"rotation": {"angle": 0, "axis": "y", "origin": [16, 0, 0]},
			"faces": {
				"north": {"uv": [16, 7.25, 15.75, 9.75], "texture": "#0"},
				"south": {"uv": [14, 11.25, 13.75, 13.75], "texture": "#0"}
			}
		},
		{
			"from": [12, -1, 6.01],
			"to": [15, 5, 10.99],
			"rotation": {"angle": 22.5, "axis": "z", "origin": [15, -1, 9]},
			"faces": {
				"north": {"uv": [12.5, 3.75, 14, 3], "rotation": 90, "texture": "#0"},
				"east": {"uv": [11.25, 3, 12.75, 1.5], "rotation": 90, "texture": "#0"},
				"south": {"uv": [13.25, 14.5, 12.5, 16], "texture": "#0"}
			}
		},
		{
			"from": [12, -7, 6],
			"to": [15, -1, 11],
			"rotation": {"angle": 0, "axis": "y", "origin": [16, 0, 0]},
			"faces": {
				"north": {"uv": [13, 6.5, 14.5, 5.75], "rotation": 90, "texture": "#0"},
				"east": {"uv": [10, 3, 11.5, 1.5], "rotation": 90, "texture": "#0"},
				"south": {"uv": [14, 13.75, 13.25, 15.25], "texture": "#0"}
			}
		}
	],
	"display": {
		"thirdperson_righthand": {
			"rotation": [90, 0, 101],
			"translation": [-4, -2, 2],
			"scale": [0.75, 0.75, 0.75]
		},
		"thirdperson_lefthand": {
			"rotation": [90, 0, 101],
			"translation": [-4, -2, 2],
			"scale": [0.75, 0.75, 0.75]
		},
		"firstperson_righthand": {
			"rotation": [27, 0, 70],
			"translation": [-7.5, 0, 1.5],
			"scale": [0.75, 0.75, 0.75]
		},
		"firstperson_lefthand": {
			"rotation": [27, 0, 70],
			"translation": [-7.5, 0, 1.5],
			"scale": [0.75, 0.75, 0.75]
		},
		"ground": {
			"rotation": [90, 0, 0],
			"scale": [0.25, 0.25, 0.25]
		},
		"gui": {
			"rotation": [-30, 180, -34],
			"translation": [0, -0.5, 0],
			"scale": [0.45, 0.45, 0.45]
		},
		"head": {
			"rotation": [0, 180, 0],
			"translation": [0, -9.5, 6.25]
		},
		"fixed": {
			"translation": [0, 4, -5],
			"scale": [1.75, 1.75, 1.75]
		}
	},
	"groups": [
		{
			"name": "gutar",
			"origin": [16, 0, 0],
			"color": 0,
			"nbt": "{}",
			"children": [0, 1, 2, 3, 4, 5, 6, 7, 8, 9, 10, 11, 12, 13, 14, 15, 16, 17, 18, 19]
		}
	]
}