{
	"credit": "Made by Falanta Fantomo with Blockbench",
	"texture_size": [64, 64],
	"textures": {
		"0": "block/custom/chair",
		"particle": "block/custom/chair"
	},
	"elements": [
		{
			"from": [10, 0, 4],
			"to": [12, 10, 6],
			"rotation": {"angle": 0, "axis": "y", "origin": [11, 5, 5]},
			"faces": {
				"north": {"uv": [0.5, 6, 1.5, 11], "texture": "#0"},
				"east": {"uv": [0, 6, 1, 11], "texture": "#0"},
				"south": {"uv": [1.5, 6, 2.5, 11], "texture": "#0"},
				"west": {"uv": [1, 6, 2, 11], "texture": "#0"},
				"down": {"uv": [1, 11, 2, 12], "rotation": 90, "texture": "#0"}
			}
		},
		{
			"from": [4, 0, 4],
			"to": [6, 10, 6],
			"rotation": {"angle": 0, "axis": "y", "origin": [5, 5, 5]},
			"faces": {
				"north": {"uv": [1.5, 6, 0.5, 11], "texture": "#0"},
				"east": {"uv": [2, 6, 1, 11], "texture": "#0"},
				"south": {"uv": [2.5, 6, 1.5, 11], "texture": "#0"},
				"west": {"uv": [1, 6, 0, 11], "texture": "#0"},
				"down": {"uv": [2, 11, 1, 12], "rotation": 270, "texture": "#0"}
			}
		},
		{
			"from": [10, 0, 10],
			"to": [12, 22, 12],
			"rotation": {"angle": 0, "axis": "y", "origin": [11, 11, 11]},
			"faces": {
				"north": {"uv": [0.5, 0, 1.5, 11], "texture": "#0"},
				"east": {"uv": [0, 0, 1, 11], "texture": "#0"},
				"south": {"uv": [1.5, 0, 2.5, 11], "texture": "#0"},
				"west": {"uv": [1, 0, 2, 11], "texture": "#0"},
				"up": {"uv": [0, 11, 1, 12], "rotation": 90, "texture": "#0"},
				"down": {"uv": [1, 11, 2, 12], "rotation": 90, "texture": "#0"}
			}
		},
		{
			"from": [4, 0, 10],
			"to": [6, 22, 12],
			"faces": {
				"north": {"uv": [1.5, 0, 0.5, 11], "texture": "#0"},
				"east": {"uv": [2, 0, 1, 11], "texture": "#0"},
				"south": {"uv": [2.5, 0, 1.5, 11], "texture": "#0"},
				"west": {"uv": [1, 0, 0, 11], "texture": "#0"},
				"up": {"uv": [0, 11, 1, 12], "texture": "#0"},
				"down": {"uv": [1, 11, 2, 12], "rotation": 180, "texture": "#0"}
			}
		},
		{
			"from": [3.5, 8.5, 3.5],
			"to": [12.5, 10.5, 12.5],
			"faces": {
				"north": {"uv": [10, 0, 11, 4.5], "rotation": 90, "texture": "#0"},
				"east": {"uv": [12, 0, 11, 4.5], "rotation": 90, "texture": "#0"},
				"south": {"uv": [11.5, 4, 16, 5], "texture": "#0"},
				"west": {"uv": [12, 4.5, 11, 0], "rotation": 90, "texture": "#0"},
				"up": {"uv": [11.5, 0, 16, 4.5], "texture": "#0"},
				"down": {"uv": [11.5, 5, 16, 9.5], "texture": "#0"}
			}
		},
		{
			"from": [6, 13, 11],
			"to": [10, 21, 11],
			"faces": {
				"north": {"uv": [2.5, 0, 4.5, 4], "texture": "#0"},
				"south": {"uv": [4.5, 0, 2.5, 4], "texture": "#0"}
			}
		},
		{
			"from": [11, 4, 6],
			"to": [11, 9, 10],
			"faces": {
				"east": {"uv": [4.5, 0, 6.5, 2.5], "texture": "#0"},
				"west": {"uv": [6.5, 0, 4.5, 2.5], "texture": "#0"}
			}
		},
		{
			"from": [5, 4, 6],
			"to": [5, 9, 10],
			"rotation": {"angle": 0, "axis": "y", "origin": [16, 0, 0]},
			"faces": {
				"east": {"uv": [4.5, 0, 6.5, 2.5], "texture": "#0"},
				"west": {"uv": [6.5, 0, 4.5, 2.5], "texture": "#0"}
			}
		}
	],
	"display": {
		"thirdperson_righthand": {
			"rotation": [56, 0, 0],
			"translation": [0, 0, -2.75],
			"scale": [0.5, 0.5, 0.5]
		},
		"thirdperson_lefthand": {
			"rotation": [56, 0, 0],
			"translation": [0, 0, -2.75],
			"scale": [0.5, 0.5, 0.5]
		},
		"firstperson_righthand": {
			"rotation": [0, 24, 0],
			"scale": [0.4, 0.4, 0.4]
		},
		"firstperson_lefthand": {
			"rotation": [0, 24, 0],
			"scale": [0.4, 0.4, 0.4]
		},
		"ground": {
			"scale": [0.25, 0.25, 0.25]
		},
		"gui": {
			"rotation": [30, 225, 0],
			"translation": [0, -3, 0],
			"scale": [0.4, 0.4, 0.4]
		},
		"fixed": {
			"rotation": [-90, 0, 0],
			"translation": [0, 0, -16],
			"scale": [2, 2, 2]
		}
	}
}