{
    "providers": [
        {
            "type": "bitmap",
            "file": "font/icon/1.png",
            "ascent": 70,
            "height": 70,
            "chars": ["\u0001"]
        },
        {
            "type": "bitmap",
            "file": "font/icon/2.png",
            "ascent": 70,
            "height": 70,
            "chars": ["\u0002"]
        },
        {
            "type": "bitmap",
            "file": "font/icon/3.png",
            "ascent": 70,
            "height": 70,
            "chars": ["\u0003"]
        },
        {
            "type": "bitmap",
            "file": "font/icon/4.png",
            "ascent": 70,
            "height": 70,
            "chars": ["\u0004"]
        },
        {
            "type": "bitmap",
            "file": "font/icon/5.png",
            "ascent": 70,
            "height": 70,
            "chars": ["\u0005"]
        },
        {
            "type": "bitmap",
            "file": "font/icon/6.png",
            "ascent": 70,
            "height": 70,
            "chars": ["\u0006"]
        },
        {
            "type": "bitmap",
            "file": "font/icon/7.png",
            "ascent": 70,
            "height": 70,
            "chars": ["\u0007"]
        }
    ]
}
