{
    "kids_musik/lags":{
        "category": "master",
        "sounds":["kids_musik/lags"]
    },
    "kids_musik/lags2":{
        "category": "master",
        "sounds":["kids_musik/lags2"]
    },
    "kids_musik/lags3":{
        "category": "master",
        "sounds":["kids_musik/lags3"]
    },
    "kids_musik/normal":{
        "category": "master",
        "sounds":["kids_musik/normal"]
    },



    "musik/ee1955":{
        "category": "master",
        "sounds":["musik/ee1955"]
    },



    "sound/1":{
        "category": "master",
        "sounds":["sound/1"]
    },
    "sound/2":{
        "category": "master",
        "sounds":["sound/2"]
    },
    "sound/air":{
        "category": "master",
        "sounds":["sound/air"]
    },
    "sound/room":{
        "category": "master",
        "sounds":["sound/room"]
    },
    "sound/attack_tedy":{
        "category": "master",
        "sounds":["sound/attack_tedy"]
    },
    "sound/skremer":{
        "category": "master",
        "sounds":["sound/skremer"]
    },



    "ru/gl1_start/1":{
        "category": "master",
        "sounds":["ru/gl1_start/1"]
    },
    "ru/gl1_start/2":{
        "category": "master",
        "sounds":["ru/gl1_start/2"]
    },
    "ru/gl1_start/3":{
        "category": "master",
        "sounds":["ru/gl1_start/3"]
    },
    "ru/gl1_start/4":{
        "category": "master",
        "sounds":["ru/gl1_start/4"]
    },
    "ru/gl1_start/5":{
        "category": "master",
        "sounds":["ru/gl1_start/5"]
    },
    "ru/gl1_start/n1":{
        "category": "master",
        "sounds":["ru/gl1_start/n1"]
    },
    "ru/gl1_start/n2":{
        "category": "master",
        "sounds":["ru/gl1_start/n2"]
    },
    "ru/gl1_start/n3":{
        "category": "master",
        "sounds":["ru/gl1_start/n3"]
    },
    "sound/ship":{
        "category": "master",
        "sounds":["sound/ship"]
    }
    
}