{
	"credit": "Made with Blockbench",
	"texture_size": [256, 256],
	"textures": {
		"0": "block/render/123245"
	},
	"elements": [
		{
			"from": [6.09, 3.5492, 6.38294],
			"to": [13.06, 9.3292, 14.37294],
			"rotation": {"angle": 0, "axis": "y", "origin": [12.72, -9.8808, 11.99294]},
			"faces": {
				"north": {"uv": [0.6875, 4.9375, 1.3125, 5.4375], "texture": "#0"},
				"east": {"uv": [0, 4.9375, 0.6875, 5.4375], "texture": "#0"},
				"south": {"uv": [2, 4.9375, 2.625, 5.4375], "texture": "#0"},
				"west": {"uv": [1.3125, 4.9375, 2, 5.4375], "texture": "#0"},
				"up": {"uv": [1.3125, 4.9375, 0.6875, 4.25], "texture": "#0"},
				"down": {"uv": [1.9375, 4.25, 1.3125, 4.9375], "texture": "#0"}
			}
		},
		{
			"from": [5.92, 9.3292, 6.38294],
			"to": [13.23, 11.0292, 14.37294],
			"rotation": {"angle": 0, "axis": "y", "origin": [12.72, -9.8808, 11.99294]},
			"faces": {
				"north": {"uv": [6, 3.625, 6.625, 3.75], "texture": "#0"},
				"east": {"uv": [5.3125, 3.625, 6, 3.75], "texture": "#0"},
				"south": {"uv": [7.3125, 3.625, 7.9375, 3.75], "texture": "#0"},
				"west": {"uv": [6.625, 3.625, 7.3125, 3.75], "texture": "#0"},
				"up": {"uv": [6.625, 3.625, 6, 2.9375], "texture": "#0"},
				"down": {"uv": [7.25, 2.9375, 6.625, 3.625], "texture": "#0"}
			}
		},
		{
			"from": [6.7084, 1.03194, 6.40794],
			"to": [8.7484, 4.77194, 14.37294],
			"rotation": {"angle": -22.5, "axis": "z", "origin": [7.8984, -12.22806, 11.99294]},
			"faces": {
				"north": {"uv": [8.125, 7.8125, 8.3125, 8.125], "texture": "#0"},
				"east": {"uv": [7.4375, 7.8125, 8.125, 8.125], "texture": "#0"},
				"south": {"uv": [9, 7.8125, 9.1875, 8.125], "texture": "#0"},
				"west": {"uv": [8.3125, 7.8125, 9, 8.125], "texture": "#0"},
				"up": {"uv": [8.3125, 7.8125, 8.125, 7.125], "texture": "#0"},
				"down": {"uv": [8.5, 7.125, 8.3125, 7.8125], "texture": "#0"}
			}
		},
		{
			"from": [18.48842, 7.90766, 6.40794],
			"to": [20.02342, 11.92266, 14.37294],
			"rotation": {"angle": 22.5, "axis": "z", "origin": [18.99842, -5.35234, 11.99294]},
			"faces": {
				"north": {"uv": [0.6875, 8.625, 0.8125, 8.9375], "texture": "#0"},
				"east": {"uv": [0, 8.625, 0.6875, 8.9375], "texture": "#0"},
				"south": {"uv": [1.5, 8.625, 1.625, 8.9375], "texture": "#0"},
				"west": {"uv": [0.8125, 8.625, 1.5, 8.9375], "texture": "#0"},
				"up": {"uv": [0.8125, 8.625, 0.6875, 7.9375], "texture": "#0"},
				"down": {"uv": [0.9375, 7.9375, 0.8125, 8.625], "texture": "#0"}
			}
		},
		{
			"from": [-0.65095, 8.77749, 6.38294],
			"to": [0.86905, 12.33749, 14.37294],
			"rotation": {"angle": -22.5, "axis": "z", "origin": [-0.65095, -4.48251, 11.99294]},
			"faces": {
				"north": {"uv": [5.75, 8.875, 5.8125, 9.125], "texture": "#0"},
				"east": {"uv": [5.0625, 8.875, 5.75, 9.125], "texture": "#0"},
				"south": {"uv": [6.5, 8.875, 6.5625, 9.125], "texture": "#0"},
				"west": {"uv": [5.8125, 8.875, 6.5, 9.125], "texture": "#0"},
				"up": {"uv": [5.8125, 8.875, 5.75, 8.1875], "texture": "#0"},
				"down": {"uv": [5.875, 8.1875, 5.8125, 8.875], "texture": "#0"}
			}
		},
		{
			"from": [4.42599, 3.57567, 6.38294],
			"to": [6.12599, 7.82567, 14.37294],
			"rotation": {"angle": 0, "axis": "y", "origin": [5.27599, -9.68433, 11.99294]},
			"faces": {
				"north": {"uv": [6, 7.8125, 6.125, 8.1875], "texture": "#0"},
				"east": {"uv": [5.3125, 7.8125, 6, 8.1875], "texture": "#0"},
				"south": {"uv": [6.8125, 7.8125, 6.9375, 8.1875], "texture": "#0"},
				"west": {"uv": [6.125, 7.8125, 6.8125, 8.1875], "texture": "#0"},
				"up": {"uv": [6.125, 7.8125, 6, 7.125], "texture": "#0"},
				"down": {"uv": [6.25, 7.125, 6.125, 7.8125], "texture": "#0"}
			}
		},
		{
			"from": [9.92998, 2.72664, 6.40794],
			"to": [11.79998, 6.63664, 14.37294],
			"rotation": {"angle": 22.5, "axis": "z", "origin": [14.69, -9.00336, 11.99294]},
			"faces": {
				"north": {"uv": [6.9375, 8.5, 7.0625, 8.8125], "texture": "#0"},
				"east": {"uv": [6.25, 8.5, 6.9375, 8.8125], "texture": "#0"},
				"south": {"uv": [7.75, 8.5, 7.875, 8.8125], "texture": "#0"},
				"west": {"uv": [7.0625, 8.5, 7.75, 8.8125], "texture": "#0"},
				"up": {"uv": [7.0625, 8.5, 6.9375, 7.8125], "texture": "#0"},
				"down": {"uv": [7.1875, 7.8125, 7.0625, 8.5], "texture": "#0"}
			}
		},
		{
			"from": [12.98197, 3.1487, 6.38294],
			"to": [15.19197, 7.3987, 14.37294],
			"rotation": {"angle": 0, "axis": "y", "origin": [13.66197, -10.1113, 11.99294]},
			"faces": {
				"north": {"uv": [3.625, 8.3125, 3.8125, 8.6875], "texture": "#0"},
				"east": {"uv": [2.9375, 8.3125, 3.625, 8.6875], "texture": "#0"},
				"south": {"uv": [4.5, 8.3125, 4.6875, 8.6875], "texture": "#0"},
				"west": {"uv": [3.8125, 8.3125, 4.5, 8.6875], "texture": "#0"},
				"up": {"uv": [3.8125, 8.3125, 3.625, 7.625], "texture": "#0"},
				"down": {"uv": [4, 7.625, 3.8125, 8.3125], "texture": "#0"}
			}
		},
		{
			"from": [5.70515, -0.10878, 6.38294],
			"to": [13.52515, 3.63122, 14.37294],
			"rotation": {"angle": 0, "axis": "z", "origin": [22.02515, 4.82124, 11.99294]},
			"faces": {
				"north": {"uv": [5.375, 6.125, 5.6875, 6.8125], "rotation": 90, "texture": "#0"},
				"east": {"uv": [6, 5.4375, 5.6875, 6.125], "rotation": 270, "texture": "#0"},
				"south": {"uv": [6.375, 6.125, 6.6875, 6.8125], "rotation": 270, "texture": "#0"},
				"west": {"uv": [5.6875, 6.125, 5.375, 5.4375], "rotation": 270, "texture": "#0"},
				"up": {"uv": [4.6875, 6.125, 5.375, 6.8125], "rotation": 270, "texture": "#0"},
				"down": {"uv": [5.6875, 6.125, 6.375, 6.8125], "rotation": 270, "texture": "#0"}
			}
		},
		{
			"from": [9.83, 6.7792, 11.14294],
			"to": [13.74, 17.6592, 14.37294],
			"rotation": {"angle": 0, "axis": "z", "origin": [12.72, -9.8808, 11.99294]},
			"faces": {
				"north": {"uv": [6.8125, 9.0625, 7.125, 10.0625], "texture": "#0"},
				"east": {"uv": [6.5625, 9.0625, 6.8125, 10.0625], "texture": "#0"},
				"south": {"uv": [7.375, 9.0625, 7.6875, 10.0625], "texture": "#0"},
				"west": {"uv": [7.125, 9.0625, 7.375, 10.0625], "texture": "#0"},
				"up": {"uv": [7.125, 9.0625, 6.8125, 8.8125], "texture": "#0"},
				"down": {"uv": [7.4375, 8.8125, 7.125, 9.0625], "texture": "#0"}
			}
		},
		{
			"from": [9.83, 18.01658, 17.69961],
			"to": [13.74, 24.81658, 20.92961],
			"rotation": {"angle": -22.5, "axis": "x", "origin": [12.72, 1.35658, 18.54961]},
			"faces": {
				"north": {"uv": [0.25, 9.1875, 0.5625, 9.8125], "texture": "#0"},
				"east": {"uv": [0, 9.1875, 0.25, 9.8125], "texture": "#0"},
				"south": {"uv": [0.8125, 9.1875, 1.125, 9.8125], "texture": "#0"},
				"west": {"uv": [0.5625, 9.1875, 0.8125, 9.8125], "texture": "#0"},
				"up": {"uv": [0.5625, 9.1875, 0.25, 8.9375], "texture": "#0"},
				"down": {"uv": [0.875, 8.9375, 0.5625, 9.1875], "texture": "#0"}
			}
		},
		{
			"from": [5.67, 17.84658, 17.69961],
			"to": [9.58, 26.00658, 20.92961],
			"rotation": {"angle": -22.5, "axis": "x", "origin": [15.36, 1.18658, 18.54961]},
			"faces": {
				"north": {"uv": [4.375, 9.125, 4.6875, 9.875], "texture": "#0"},
				"east": {"uv": [4.125, 9.125, 4.375, 9.875], "texture": "#0"},
				"south": {"uv": [4.9375, 9.125, 5.25, 9.875], "texture": "#0"},
				"west": {"uv": [4.6875, 9.125, 4.9375, 9.875], "texture": "#0"},
				"up": {"uv": [4.6875, 9.125, 4.375, 8.875], "texture": "#0"},
				"down": {"uv": [5, 8.875, 4.6875, 9.125], "texture": "#0"}
			}
		},
		{
			"from": [5.67, 5.9292, 11.14294],
			"to": [9.58, 17.4892, 14.37294],
			"rotation": {"angle": 0, "axis": "z", "origin": [12.47, -9.8808, 11.99294]},
			"faces": {
				"north": {"uv": [3.25, 8.9375, 3.5625, 10], "texture": "#0"},
				"east": {"uv": [3, 8.9375, 3.25, 10], "texture": "#0"},
				"south": {"uv": [3.8125, 8.9375, 4.125, 10], "texture": "#0"},
				"west": {"uv": [3.5625, 8.9375, 3.8125, 10], "texture": "#0"},
				"up": {"uv": [3.5625, 8.9375, 3.25, 8.6875], "texture": "#0"},
				"down": {"uv": [3.875, 8.6875, 3.5625, 8.9375], "texture": "#0"}
			}
		}
	],
	"groups": [
		{
			"name": "head",
			"origin": [10, 22.7592, 13.35294],
			"color": 0,
			"children": [
				0,
				1,
				2,
				3,
				4,
				5,
				6,
				7,
				8,
				{
					"name": "uxo",
					"origin": [10, 34.3192, 11.99294],
					"color": 0,
					"children": [
						9,
						10,
						{
							"name": "uxo2",
							"origin": [10, 34.3192, 11.99294],
							"color": 0,
							"children": [11, 12]
						}
					]
				}
			]
		}
	]
}