{
	"parent": "item/generated",
	"textures": {
		"layer0": "item/potion_overlay",
		"layer1": "item/potion"
	},
	"overrides": [

		{ "predicate": { "custom_model_data": 1 }, "model": "item/obj/tages_stay"},
		{ "predicate": { "custom_model_data": 2 }, "model": "item/obj/shtor_open"},
		{ "predicate": { "custom_model_data": 3 }, "model": "item/obj/shtor_close_anim"},
		{ "predicate": { "custom_model_data": 4 }, "model": "item/obj/shtor_open_anim"},
		{ "predicate": { "custom_model_data": 5 }, "model": "item/obj/gl1_start"},
		{ "predicate": { "custom_model_data": 6 }, "model": "item/obj/tady_stay"},
		{ "predicate": { "custom_model_data": 7 }, "model": "item/obj/tady_go"},
		{ "predicate": { "custom_model_data": 8 }, "model": "item/obj/tady_run"},
		{ "predicate": { "custom_model_data": 9 }, "model": "item/obj/pl_1start"},
		{ "predicate": { "custom_model_data": 10 }, "model": "item/render/skrimer"},
		{ "predicate": { "custom_model_data": 11 }, "model": "item/obj/chemodan"},
		{ "predicate": { "custom_model_data": 12 }, "model": "item/obj/finish_tady"},
		{ "predicate": { "custom_model_data": 13 }, "model": "item/obj/tady_zzz"},
		{ "predicate": { "custom_model_data": 14 }, "model": "item/obj/finish_anim"}

	]
}