{
	"parent": "item/generated",
	"textures": {
		"layer0": "item/white_dye"
	},
	"overrides": [

		{ "predicate": { "custom_model_data": 1001 }, "model": "item/custom/1001"},
		{ "predicate": { "custom_model_data": 1002 }, "model": "item/custom/1002"},
		{ "predicate": { "custom_model_data": 1003 }, "model": "item/custom/1003"},
		{ "predicate": { "custom_model_data": 1004 }, "model": "item/custom/1004"},
		{ "predicate": { "custom_model_data": 1005 }, "model": "item/custom/1005"},
		{ "predicate": { "custom_model_data": 1006 }, "model": "item/custom/1006"},
		{ "predicate": { "custom_model_data": 1007 }, "model": "item/custom/1007"},
		{ "predicate": { "custom_model_data": 1008 }, "model": "item/custom/1008"},
		{ "predicate": { "custom_model_data": 1009 }, "model": "item/custom/1009"},
		{ "predicate": { "custom_model_data": 1010 }, "model": "item/custom/1010"},
		{ "predicate": { "custom_model_data": 1011 }, "model": "item/custom/1011"},
		{ "predicate": { "custom_model_data": 1012 }, "model": "item/custom/1012"},
		{ "predicate": { "custom_model_data": 1013 }, "model": "item/custom/1013"},
		{ "predicate": { "custom_model_data": 1014 }, "model": "item/custom/1014"},
		{ "predicate": { "custom_model_data": 1015 }, "model": "item/custom/1015"},
		{ "predicate": { "custom_model_data": 1016 }, "model": "item/custom/1016"},
		{ "predicate": { "custom_model_data": 1017 }, "model": "item/custom/1017"},
		{ "predicate": { "custom_model_data": 1018 }, "model": "item/custom/1018"},
		{ "predicate": { "custom_model_data": 1019 }, "model": "item/custom/1019"},
		{ "predicate": { "custom_model_data": 1020 }, "model": "item/custom/1020"},
		{ "predicate": { "custom_model_data": 1021 }, "model": "item/custom/1021"},
		{ "predicate": { "custom_model_data": 1022 }, "model": "item/custom/1022"},
		{ "predicate": { "custom_model_data": 1023 }, "model": "item/custom/1024"},
		{ "predicate": { "custom_model_data": 1025 }, "model": "item/custom/painting_1"},
		{ "predicate": { "custom_model_data": 1027 }, "model": "item/custom/painting_2"},
		{ "predicate": { "custom_model_data": 1028 }, "model": "item/custom/painting_3"},
		{ "predicate": { "custom_model_data": 1029 }, "model": "item/custom/painting_4"},
		{ "predicate": { "custom_model_data": 1030 }, "model": "item/custom/painting_5"},
		{ "predicate": { "custom_model_data": 1031 }, "model": "item/custom/painting_6"},
		{ "predicate": { "custom_model_data": 1032 }, "model": "item/custom/painting_7"},
		{ "predicate": { "custom_model_data": 1033 }, "model": "item/custom/painting_8"},
		{ "predicate": { "custom_model_data": 1034 }, "model": "item/custom/painting_9"},
		{ "predicate": { "custom_model_data": 1035 }, "model": "item/custom/painting_10"},
		{ "predicate": { "custom_model_data": 1036 }, "model": "item/custom/painting_11"},
		{ "predicate": { "custom_model_data": 1037 }, "model": "item/custom/painting_12"},
		{ "predicate": { "custom_model_data": 1038 }, "model": "item/custom/painting_13"},
		{ "predicate": { "custom_model_data": 1039 }, "model": "item/custom/painting_14"},
		{ "predicate": { "custom_model_data": 1040 }, "model": "item/custom/painting_15"},
		{ "predicate": { "custom_model_data": 1041 }, "model": "item/custom/1"},
		{ "predicate": { "custom_model_data": 1042 }, "model": "item/custom/2"},
		{ "predicate": { "custom_model_data": 1043 }, "model": "item/custom/3"},
		{ "predicate": { "custom_model_data": 1044 }, "model": "item/custom/1025"},
		{ "predicate": { "custom_model_data": 1045 }, "model": "item/custom/1026"},
		{ "predicate": { "custom_model_data": 1046 }, "model": "item/custom/1027"}

	]
}